station,interactions,mean_risk,high_risk_interactions,mean_source_delay,mean_gap,warning_rate,bottleneck_score
CKP,30,0.5318657554326881,30,178.8,16.233333333333334,1.0,0.7659328777163441
CHI,40,0.5175368757152922,39,104.9,12.55,0.975,0.66860624546391
ASH,58,0.5100016815864712,53,120.39655172413794,15.844827586206897,0.9137931034482759,0.6638105299084095
RN,81,0.5422733131000707,79,85.8395061728395,13.358024691358025,0.9753086419753086,0.6597465938549764
BINA,232,0.557819273538233,224,62.37931034482759,15.297413793103448,0.9655172413793104,0.6383403241100098
DBA,44,0.5076211663503062,41,93.13636363636364,16.40909090909091,0.9318181818181818,0.6375354153899182
LTT,48,0.5540879288100472,48,41.916666666666664,17.0,1.0,0.6239306161574472
MAO,45,0.549231591359849,45,42.577777777777776,16.77777777777778,1.0,0.622241945319497
NZM,223,0.556331105242985,223,37.68609865470852,14.766816143497758,1.0,0.6203200253896228
ANVT,84,0.588410878634478,84,20.607142857142858,15.583333333333334,1.0,0.6172559346831706
NDLS,484,0.5574098796298443,484,28.47107438016529,9.258264462809917,1.0,0.6105517791663375
KHED,31,0.507495936776564,29,65.96774193548387,15.838709677419354,0.9354838709677419,0.6081825501880944
MRGA,33,0.5051786846784245,29,81.81818181818181,17.454545454545453,0.8787878787878788,0.6077449250115735
CSMT,199,0.5902495325261646,199,10.140703517587939,13.683417085427136,1.0,0.6064678350747019
ASR,91,0.5906126936944642,91,9.164835164835164,20.791208791208792,1.0,0.6055578403202021
PNVL,109,0.5135689168966878,102,59.39449541284404,15.559633027522937,0.9357798165137615,0.60395519916628
MKP,98,0.5127811231802595,98,40.48979591836735,16.489795918367346,1.0,0.6016811610513907
VGLJ,417,0.5452858273778846,360,61.256594724220626,12.13189448441247,0.8633093525179856,0.6001554003439136
HD,43,0.5054444433771076,39,66.74418604651163,16.511627906976745,0.9069767441860465,0.5994731711708908
BPQ,122,0.5226500864669689,107,66.88524590163935,16.270491803278688,0.8770491803278688,0.5992555086312179
DLI,174,0.5454139295636263,174,23.701149425287355,12.689655172413794,1.0,0.5992183176065193
ROU,92,0.5032083937299138,71,101.3695652173913,15.608695652173912,0.7717391304347826,0.5965147114063439
AMRO,30,0.5067943507520811,29,46.233333333333334,16.9,0.9666666666666667,0.5951123133327891
HWH,308,0.5408577034048722,308,22.064935064935064,11.243506493506494,1.0,0.5951099871218265
TVC,70,0.5737878526166464,70,6.4714285714285715,14.757142857142858,1.0,0.5941326607282658
BAQ,80,0.5051373523256562,74,55.9875,18.05,0.925,0.5926945150890026
DHO,46,0.5020954187344177,36,94.80434782608695,15.73913043478261,0.782608695652174,0.5918754498593789
MRA,49,0.5034003884518422,41,79.0204081632653,14.89795918367347,0.8367346938775511,0.5911103206926152
PNBE,275,0.5255771261022758,272,23.93090909090909,13.472727272727273,0.9890909090909091,0.5862841904662285
KUN,77,0.5045938835798289,71,48.16883116883117,16.68831168831169,0.922077922077922,0.5828004427632141
GKP,247,0.5099338438557756,235,37.2914979757085,14.1417004048583,0.951417004048583,0.5821051081264765
BBS,254,0.5338133204581058,230,38.03543307086614,13.622047244094489,0.905511811023622,0.5811054306847593
CD,44,0.4999565772234146,33,93.70454545454545,16.318181818181817,0.75,0.5797932164132122
UMB,466,0.5166268406672418,457,24.30472103004292,13.611587982832617,0.98068669527897,0.5797059177652346
MAS,205,0.5394355573060305,204,7.88780487804878,12.819512195121952,0.9951219512195122,0.5770774119808921
BMB,31,0.504367463354986,28,47.935483870967744,17.096774193548388,0.9032258064516129,0.5767705830883322
LAR,127,0.5037056486680017,110,57.826771653543304,15.062992125984252,0.8661417322834646,0.5763785337881042
KOO,53,0.5043503958891523,49,40.339622641509436,15.924528301886792,0.9245283018867925,0.5746563089149869
TLD,32,0.5045863257377542,30,36.21875,14.65625,0.9375,0.574056306045611
BPL,427,0.5144075919612283,379,43.81030444964871,13.48711943793911,0.8875878220140515,0.5724849574054658
BDTS,46,0.5348849711203421,46,1.4782608695652173,17.217391304347824,1.0,0.5690960212084542
FDB,46,0.5046332565550162,38,61.34782608695652,16.630434782608695,0.8260869565217391,0.5687644446377844
MYS,55,0.5338983461727128,55,1.3272727272727274,21.945454545454545,1.0,0.5684338181951626
LJN,56,0.5202838394241295,56,7.392857142857143,17.535714285714285,1.0,0.5684113348606745
MMCT,52,0.532389680717839,52,1.6730769230769231,17.192307692307693,1.0,0.5680662910558735
FUT,76,0.5040065823855816,71,30.736842105263158,17.236842105263158,0.9342105263157895,0.5666477042388287
TDD,91,0.5020443521730477,75,61.0,15.648351648351648,0.8241758241758241,0.5665075855316648
DBG,46,0.506602725891793,44,22.91304347826087,14.195652173913043,0.9565217391304348,0.5658876872334172
DAA,39,0.5034437097705787,34,46.92307692307692,15.23076923076923,0.8717948717948718,0.5657469796486692
GWL,299,0.5027533964852837,245,61.07357859531773,13.51505016722408,0.8193979933110368,0.5655110611076729
SBC,230,0.5294739970141221,225,6.208695652173913,13.07391304347826,0.9782608695652174,0.5651601090994159
BZA,514,0.5348362795725927,428,42.011673151750976,12.0,0.8326848249027238,0.5642165102456492
SIR,42,0.5015447017807266,36,50.11904761904762,17.023809523809526,0.8571428571428571,0.5639767825511708
KKDE,92,0.5032838649059433,85,31.26086956521739,15.347826086956522,0.9239130434782609,0.5637832611174985
SPJ,164,0.503863443651377,157,21.25609756097561,15.451219512195122,0.9573170731707317,0.5629032392589837
JAJ,127,0.4959176458914418,127,13.188976377952756,15.32283464566929,1.0,0.5627115929434309
RJN,50,0.5000263133663263,38,75.34,15.66,0.76,0.5622860873319327
SGO,42,0.5003676168808563,32,74.66666666666667,14.952380952380953,0.7619047619047619,0.562274998383967
MS,98,0.5076121596787929,98,7.030612244897959,16.56122448979592,1.0,0.5616702993527052
RDM,41,0.49870455780273926,29,89.46341463414635,16.609756097560975,0.7073170731707317,0.5616183344478312
INDB,66,0.5171930575397727,66,2.5454545454545454,15.727272727272727,1.0,0.5614437933621175
PURI,66,0.5046619739318295,66,8.075757575757576,17.03030303030303,1.0,0.5613642728448383
SNP,51,0.5019758839829872,44,45.98039215686274,16.725490196078432,0.8627450980392157,0.5612436773952748
RMU,112,0.5039857809221514,102,31.928571428571427,14.071428571428571,0.9107142857142857,0.5609214618896471
KNE,113,0.5014338732353537,93,55.716814159292035,15.150442477876107,0.8230088495575221,0.5599426498286606
CSN,67,0.5024779656636998,60,35.701492537313435,15.925373134328359,0.8955223880597015,0.5598302546606254
BALU,43,0.4979283272859244,32,78.11627906976744,16.3953488372093,0.7441860465116279,0.559598365817667
BHS,114,0.50250930134268,99,41.99122807017544,15.798245614035087,0.868421052631579,0.5587510202305849
NGP,268,0.5080940268371404,194,78.03731343283582,12.664179104477611,0.7238805970149254,0.5585012522913205
SPN,155,0.5035389891379632,131,47.29677419354839,15.012903225806452,0.8451612903225807,0.558222550786056
SC,271,0.5217540914500253,245,22.988929889298895,13.560885608856088,0.9040590405904059,0.5578094445792026
DURG,131,0.4976187671336064,112,46.83206106870229,15.17557251908397,0.8549618320610687,0.5576827889666699
ETW,133,0.501403138191168,109,54.12781954887218,14.676691729323307,0.8195488721804511,0.5571118902003593
RBL,49,0.5015264140472242,41,49.285714285714285,15.857142857142858,0.8367346938775511,0.5569130495109427
UBC,34,0.5038909995040798,31,27.323529411764707,16.941176470588236,0.9117647058823529,0.5560381435209568
SZM,41,0.5028048925915981,36,36.1219512195122,15.78048780487805,0.8780487804878049,0.5552219475780603
BARH,81,0.5020748426611595,69,43.17283950617284,16.555555555555557,0.8518518518518519,0.5548847436715635
GGC,42,0.49947268867509137,32,68.28571428571429,17.261904761904763,0.7619047619047619,0.5546900036536211
ANV,34,0.5022168175028702,28,49.1764705882353,16.176470588235293,0.8235294117647058,0.5531744700752934
BAU,72,0.4979218414763602,53,74.08333333333333,16.930555555555557,0.7361111111111112,0.5526615173079041
PNP,102,0.5011321557543956,85,46.30392156862745,15.490196078431373,0.8333333333333334,0.5523601735915462
KZJ,122,0.5014622491784527,97,55.98360655737705,14.721311475409836,0.7950819672131147,0.5518771985981016
GZB,458,0.5145699397763145,396,30.912663755458514,12.75764192139738,0.8646288209606987,0.5512515398401907
ARA,190,0.5012125037568972,148,59.83157894736842,14.763157894736842,0.7789473684210526,0.5512161659253108
RPJ,73,0.5018724292964273,63,36.26027397260274,15.301369863013699,0.863013698630137,0.5503999148106358
KPY,41,0.48680828267461596,39,19.21951219512195,15.341463414634147,0.9512195121951219,0.5502683307845716
MNE,41,0.5024464142668944,35,38.31707317073171,19.829268292682926,0.8536585365853658,0.5501810289264303
BV,33,0.5017809837875697,29,31.606060606060606,14.303030303030303,0.8787878787878788,0.5498803908836839
PTKC,56,0.4999494363845623,43,61.17857142857143,18.196428571428573,0.7678571428571429,0.5487642675690789
JUC,140,0.5022121006774009,125,26.478571428571428,16.835714285714285,0.8928571428571429,0.5485812820421201
GAR,40,0.5019622743526634,34,37.925,15.625,0.85,0.5484028374000453
KLD,52,0.5025711879913872,43,43.82692307692308,18.0,0.8269230769230769,0.5483859209617924
KMT,89,0.5008810486974365,70,55.12359550561798,14.0,0.7865168539325843,0.5480550833311982
AGC,272,0.5006993766916774,209,59.98529411764706,13.841911764705882,0.7683823529411765,0.54796203865509
KGQ,61,0.48188491889185725,49,58.885245901639344,15.19672131147541,0.8032786885245902,0.547793231441381
GD,175,0.5039991097871004,141,48.222857142857144,14.634285714285713,0.8057142857142857,0.547654396696043
NK,236,0.5002583524984087,198,40.82627118644068,15.351694915254237,0.8389830508474576,0.5474910615106459
MKA,112,0.5019800139995307,92,44.714285714285715,13.553571428571429,0.8214285714285714,0.5474345579745177
TATA,101,0.5000854625711685,66,90.5049504950495,16.92079207920792,0.6534653465346535,0.547318297768407
NLDA,44,0.5012475394720813,37,39.70454545454545,17.454545454545453,0.8409090909090909,0.5473087402465145
MYR,113,0.5011396875873778,93,43.88495575221239,15.389380530973451,0.8230088495575221,0.5465608160571562
SRC,57,0.49812262407372176,37,91.71929824561404,14.070175438596491,0.6491228070175439,0.546392447481737
GAYA,170,0.5018628849738065,154,20.935294117647057,15.33529411764706,0.9058823529411765,0.5461137033106959
CPH,38,0.5003170241613681,29,59.13157894736842,16.526315789473685,0.7631578947368421,0.5452485862594195
MAQ,50,0.4921490978973293,49,4.24,18.0,0.98,0.5448172782551524
HRI,76,0.5016081943047879,62,43.88157894736842,13.776315789473685,0.8157894736842105,0.5446254794672414
CAN,69,0.5001534881791272,56,45.65217391304348,16.36231884057971,0.8115942028985508,0.5446200764502289
DRD,43,0.5033207819685536,40,11.604651162790697,13.790697674418604,0.9302325581395349,0.5437107525679613
BST,128,0.5015492166672858,102,48.0546875,15.8203125,0.796875,0.5435895552016519
TPTY,118,0.49805113728650285,112,8.64406779661017,15.584745762711865,0.9491525423728814,0.5434403109933822
NDD,75,0.5018355504512608,62,39.70666666666666,17.533333333333335,0.8266666666666667,0.5433323911838706
SSM,107,0.5002564095044689,86,46.149532710280376,14.355140186915888,0.8037383177570093,0.5428711013212616
NCB,73,0.5015102234798208,61,36.821917808219176,15.04109589041096,0.8356164383561644,0.5426278707727319
OTP,32,0.5025343994618993,29,17.15625,14.78125,0.90625,0.5423326359725603
STA,222,0.49860761763943157,163,64.6891891891892,14.018018018018019,0.7342342342342343,0.5419333511136876
EE,126,0.5002572259758367,99,49.91269841269841,14.055555555555555,0.7857142857142857,0.5416736575530972
BPP,94,0.5005157953973116,77,40.702127659574465,13.606382978723405,0.8191489361702128,0.5415306855514808
NDPM,67,0.5014309578218731,55,39.492537313432834,15.73134328358209,0.8208955223880597,0.5411592332933867
DEOS,104,0.5011483800769123,84,42.875,15.923076923076923,0.8076923076923077,0.54084049532154
BKP,150,0.5012554097645593,126,34.1,14.833333333333334,0.84,0.5407708816160604
MTJ,329,0.5007263890150107,252,53.98784194528876,13.410334346504559,0.7659574468085106,0.5405395135000459
KGP,253,0.5019232975990779,184,63.3399209486166,13.430830039525691,0.7272727272727273,0.5399934904138142
MB,361,0.518572659630661,282,41.00554016620499,12.89196675900277,0.7811634349030471,0.539502854879315
JL,230,0.49932158320124276,180,49.208695652173915,14.017391304347827,0.782608695652174,0.5394866840235374
HJP,152,0.4987115931560259,112,61.2171052631579,15.032894736842104,0.7368421052631579,0.5388839373998663
BBU,69,0.4994887979666352,53,52.130434782608695,14.73913043478261,0.7681159420289855,0.5384906298947075
GDG,52,0.5008935598071328,43,35.65384615384615,15.673076923076923,0.8269230769230769,0.5384049626604068
AB,30,0.5002108533792924,27,15.966666666666667,13.666666666666666,0.9,0.5379652328044859
CTC,149,0.5027857583879946,112,54.38926174496644,13.583892617449665,0.7516778523489933,0.5377343352845637
BDJ,61,0.5021458196329213,55,14.131147540983607,16.81967213114754,0.9016393442622951,0.5373713658255558
DMO,47,0.5010493864437209,36,50.91489361702128,15.957446808510639,0.7659574468085106,0.5372637098337887
JSG,117,0.5160649167346542,84,56.94871794871795,14.504273504273504,0.717948717948718,0.5371181005402175
AUBR,58,0.5004136287973249,47,38.827586206896555,15.89655172413793,0.8103448275862069,0.5367415671565117
KJT,41,0.5009388951040218,36,20.195121951219512,17.024390243902438,0.8780487804878049,0.5364737035677254
GP,33,0.5017971902990129,26,43.96969696969697,16.21212121212121,0.7878787878787878,0.5364453377432289
RJPB,95,0.49842635660273343,85,16.66315789473684,17.28421052631579,0.8947368421052632,0.5362731100098326
SEE,49,0.4995080586074574,38,46.285714285714285,18.285714285714285,0.7755102040816326,0.5341808201542971
PUNE,291,0.5042206042462164,245,26.085910652920962,11.639175257731958,0.8419243986254296,0.5338664926871587
KYN,537,0.4988624902496613,438,34.78957169459963,13.013035381750466,0.8156424581005587,0.5330384922805012
KJM,76,0.49833440868083273,63,31.38157894736842,13.460526315789474,0.8289473684210527,0.532953852168039
PNC,110,0.5012317092682428,93,25.154545454545456,14.772727272727273,0.8454545454545455,0.5323892937229966
BRYA,36,0.49754800933843424,26,59.52777777777778,16.166666666666668,0.7222222222222222,0.5320265525190804
KUR,238,0.49941909213606767,181,48.23529411764706,14.281512605042018,0.7605042016806722,0.531815274265353
CLT,102,0.5006123919485805,86,25.392156862745097,15.666666666666666,0.8431372549019608,0.5316502324703204
PAU,44,0.4983058718147797,33,51.31818181818182,15.818181818181818,0.75,0.5315558238471905
MFP,159,0.5010888485262863,125,39.9937106918239,16.18238993710692,0.7861635220125787,0.5311291751530732
IGP,67,0.5006924473320962,55,30.52238805970149,17.432835820895523,0.8208955223880597,0.5307562540510359
NU,70,0.49830323497319245,50,59.3,14.614285714285714,0.7142857142857143,0.5297684279691786
DDU,477,0.5025758859367877,375,37.501048218029354,11.970649895178196,0.7861635220125787,0.5290844808003882
BSL,478,0.499216558256322,357,48.34309623430963,12.878661087866108,0.7468619246861925,0.5277419082502488
KTE,156,0.4991561147725964,117,47.32692307692308,13.685897435897436,0.75,0.5275164500897915
YJUD,68,0.4995974393420384,56,27.220588235294116,15.411764705882353,0.8235294117647058,0.5273056284748092
CHE,53,0.49983241989747407,40,44.943396226415096,15.264150943396226,0.7547169811320755,0.5266035595751775
KYJ,117,0.4932070701274147,97,27.641025641025642,15.47008547008547,0.8290598290598291,0.5262398569819084
ON,108,0.5006145158092022,88,28.10185185185185,14.574074074074074,0.8148148148148148,0.5261855411095062
FTP,56,0.49965794200861396,45,30.875,15.464285714285714,0.8035714285714286,0.5254361937591807
PPI,123,0.4996213126921036,97,34.56910569105691,15.325203252032521,0.7886178861788617,0.5250639256572684
MUR,74,0.4996538836076622,58,35.82432432432432,15.337837837837839,0.7837837837837838,0.5250340280847429
BOE,42,0.5007619052670323,33,34.38095238095238,16.30952380952381,0.7857142857142857,0.5245526794898068
KGG,69,0.4996892384007135,53,39.072463768115945,15.768115942028986,0.7681159420289855,0.5239846185519114
RMGM,51,0.4969268569581312,44,14.411764705882353,17.980392156862745,0.8627450980392157,0.5234075000674325
JMU,32,0.5012911898664716,27,17.375,17.90625,0.84375,0.5232057179757414
SV,62,0.5005955650731473,48,36.306451612903224,16.580645161290324,0.7741935483870968,0.5231670904675833
BBK,146,0.49960519620457533,112,38.62328767123287,13.815068493150685,0.7671232876712328,0.5231423670336719
VZM,155,0.4990131800480663,116,43.87096774193548,15.483870967741936,0.7483870967741936,0.5230953899085681
HPU,81,0.4924968917331735,65,32.27160493827161,15.308641975308642,0.8024691358024691,0.5230871787083025
TIR,92,0.4995408193238864,73,31.52173913043478,14.76086956521739,0.7934782608695652,0.5230731039523819
BGS,78,0.49903393836535387,60,38.12820512820513,14.91025641025641,0.7692307692307693,0.5229351989767457
AWY,157,0.49528931657435304,131,22.248407643312103,14.095541401273886,0.8343949044585988,0.5228494916418838
SKM,36,0.4836378524518738,29,34.888888888888886,16.166666666666668,0.8055555555555556,0.5225111956765957
MABD,59,0.4985960934865008,43,48.101694915254235,15.033898305084746,0.7288135593220338,0.5217471424092724
JRC,113,0.49862825185414583,87,36.50442477876106,15.424778761061948,0.7699115044247787,0.5211202671636352
BE,236,0.502427286278243,175,41.78389830508475,13.377118644067796,0.7415254237288136,0.520409411538621
KPN,49,0.49953722664574257,39,27.653061224489797,16.857142857142858,0.7959183673469388,0.5194759593485299
BAM,111,0.4945708768709293,74,64.53153153153153,15.297297297297296,0.6666666666666666,0.5194683596116744
WR,60,0.49899182704052686,45,39.733333333333334,15.866666666666667,0.75,0.5189403579647078
DOS,100,0.49792771599576485,74,42.84,13.0,0.74,0.5188833210851308
CNB,804,0.5033393700738731,604,37.28358208955224,9.975124378109452,0.7512437810945274,0.518747049890521
KMZ,30,0.5000085591942156,23,34.56666666666667,16.933333333333334,0.7666666666666667,0.5186694548394643
SLO,169,0.4977559585352751,120,50.34319526627219,15.597633136094675,0.7100591715976331,0.5182080297024892
RJY,244,0.49901572026489616,180,42.35655737704918,13.807377049180328,0.7377049180327869,0.5181980350691848
MMR,298,0.4992040723041213,216,45.39261744966443,14.516778523489933,0.7248322147651006,0.5178264404581729
VAK,73,0.5001344580394516,61,14.972602739726028,19.34246575342466,0.8356164383561644,0.5175000383115035
TCR,235,0.4976366768216268,189,24.404255319148938,14.221276595744682,0.8042553191489362,0.5173927588972715
BYT,57,0.49606227310163087,42,43.05263157894737,15.280701754385966,0.7368421052631579,0.5172410741464825
MBNR,37,0.5001498680341838,29,28.2972972972973,17.0,0.7837837837837838,0.5168625269791816
ALJN,205,0.4948162830171708,160,31.380487804878047,15.512195121951219,0.7804878048780488,0.5166556997559799
DBD,42,0.4982916663616961,32,34.76190476190476,14.738095238095237,0.7619047619047619,0.5166008241257718
CGY,33,0.4891441395971652,27,23.666666666666668,17.96969696969697,0.8181818181818182,0.5164993967594667
AFK,40,0.49973685861745976,33,16.575,15.9,0.825,0.5159086977651056
CDG,69,0.5008916027057531,57,15.521739130434783,16.565217391304348,0.8260869565217391,0.5156340126163723
JTJ,229,0.5025861148697195,185,19.59825327510917,14.152838427947598,0.8078602620087336,0.5155731195666847
GDR,178,0.5063219817448242,135,30.59550561797753,14.0561797752809,0.7584269662921348,0.5149122414065599
CLX,109,0.4973962843198715,82,36.091743119266056,13.990825688073395,0.7522935779816514,0.5147572928690465
WL,134,0.4966090026937468,87,62.97761194029851,15.097014925373134,0.6492537313432836,0.5135253768352035
BLS,109,0.4983727137580227,80,39.41284403669725,16.03669724770642,0.7339449541284404,0.5134557984158625
JJKR,67,0.4978821227159233,48,43.56716417910448,12.537313432835822,0.7164179104477612,0.5125992803302144
AWB,35,0.49727968983559895,26,36.714285714285715,14.885714285714286,0.7428571428571429,0.5125644214598256
ALLP,34,0.49993975613107866,28,13.852941176470589,18.823529411764707,0.8235294117647058,0.512524161523889
KKLR,44,0.4977345480246617,33,34.38636363636363,16.40909090909091,0.75,0.5123307680127376
LNL,90,0.49984111969327605,69,28.1,15.088888888888889,0.7666666666666667,0.5113523271844457
KTYM,54,0.48774750435356123,45,15.055555555555555,15.018518518518519,0.8333333333333334,0.5107144183463058
ET,549,0.5032153281199501,368,51.6448087431694,12.92167577413479,0.6703096539162113,0.5104688026768623
NLR,197,0.4981744943249531,146,34.766497461928935,13.609137055837563,0.7411167512690355,0.5103109721650316
J,42,0.5000215178508493,34,15.428571428571429,15.023809523809524,0.8095238095238095,0.510125811657927
TEL,133,0.5006320678035614,91,47.857142857142854,14.330827067669173,0.6842105263157895,0.5091106715024939
GDV,50,0.5001840143271561,38,27.72,15.82,0.76,0.509098718572974
BMT,36,0.48447541918127285,32,0.0,16.166666666666668,0.8888888888888888,0.5089043762573031
AJJ,195,0.4991618023775666,155,18.615384615384617,15.37948717948718,0.7948717948717948,0.5088650175198794
JU,83,0.5042493897888967,67,13.012048192771084,15.120481927710843,0.8072289156626506,0.5088482333435468
MZP,101,0.4978956628762906,72,41.15841584158416,15.514851485148515,0.7128712871287128,0.5088477140438555
NNA,42,0.4985934133524548,31,33.19047619047619,14.547619047619047,0.7380952380952381,0.5078510903983964
HUP,36,0.49951475318082106,29,14.38888888888889,18.0,0.8055555555555556,0.5075189972714943
PGI,33,0.4983627390307922,26,19.515151515151516,13.848484848484848,0.7878787878787878,0.5073740344194704
TIG,39,0.49832595563199394,30,24.17948717948718,16.384615384615383,0.7692307692307693,0.5069786148262649
KY,30,0.4989216436928503,23,24.233333333333334,14.8,0.7666666666666667,0.5065674586846056
MLMR,63,0.49838342381773837,50,16.49206349206349,18.047619047619047,0.7936507936507936,0.5057344483173773
PLG,45,0.49919352599765,36,14.333333333333334,11.822222222222223,0.8,0.5056295743336497
RKMP,157,0.4985823398326502,110,40.87261146496815,15.382165605095542,0.7006369426751592,0.5052010574895308
MML,32,0.49766927619247403,23,36.3125,16.71875,0.71875,0.5050776470447829
TUP,225,0.4984985548541058,176,18.813333333333333,14.231111111111112,0.7822222222222223,0.504959941110871
R,165,0.49740700173924246,113,44.32121212121212,14.145454545454545,0.6848484848484848,0.5037343462360371
RU,169,0.49816022207259564,124,30.615384615384617,15.088757396449704,0.7337278106508875,0.5034438508930681
RK,113,0.49980997713573905,90,13.0,16.84070796460177,0.7964601769911505,0.5033844286898231
KVZ,83,0.48237132312821673,63,30.72289156626506,14.686746987951807,0.7590361445783133,0.5032621554591516
DO,71,0.49715423517502877,56,15.915492957746478,14.929577464788732,0.7887323943661971,0.5029994007270675
FZD,39,0.49861507488464607,30,20.487179487179485,16.641025641025642,0.7692307692307693,0.5029930763627612
BWT,46,0.4973545697032288,34,29.108695652173914,15.869565217391305,0.7391304347826086,0.5029764775371508
SBP,43,0.497650673011635,31,33.81395348837209,17.11627906976744,0.7209302325581395,0.5029276204660693
AY,48,0.49947167427893135,34,36.1875,16.583333333333332,0.7083333333333334,0.5027140250589288
MVLK,34,0.4879411402811897,27,17.735294117647058,17.647058823529413,0.7941176470588235,0.5020440008551625
LKO,445,0.497000285096649,297,47.34157303370787,13.330337078651686,0.6674157303370787,0.5016796413292108
LMG,44,0.4985661004347731,34,17.65909090909091,15.75,0.7727272727272727,0.5008541301441711
JBP,270,0.5008266802695911,186,38.38148148148148,14.007407407407408,0.6888888888888889,0.5000123127091596
KWV,117,0.4953693926763536,83,35.24786324786325,15.555555555555555,0.7094017094017094,0.49993234925697067
BVRT,36,0.4817820852539939,31,0.0,16.555555555555557,0.8611111111111112,0.4992243759603303
RFJ,30,0.49688163848444933,21,35.5,15.366666666666667,0.7,0.4981499915017325
PRYJ,453,0.4966121429540348,298,46.920529801324506,11.792494481236202,0.6578366445916115,0.49814087894994213
DNA,31,0.49731603466637936,23,23.838709677419356,18.741935483870968,0.7419354838709677,0.49790388584729806
SKZR,30,0.49615583828828036,20,44.1,16.633333333333333,0.6666666666666666,0.4974067782045429
PRR,31,0.49769035446640336,22,31.64516129032258,15.548387096774194,0.7096774193548387,0.49714567517647945
RRB,77,0.49761896456967586,58,19.83116883116883,15.38961038961039,0.7532467532467533,0.49696602372996995
HW,81,0.4985407090495239,62,15.938271604938272,20.358024691358025,0.7654320987654321,0.49672802845521735
BZU,52,0.4973892550678686,37,30.576923076923077,14.634615384615385,0.7115384615384616,0.49635854080187436
SRR,112,0.49811417749996645,85,16.901785714285715,16.178571428571427,0.7589285714285714,0.49564146075381826
NED,45,0.49898005422873615,34,17.4,16.22222222222222,0.7555555555555555,0.4956197810293569
BTE,82,0.4972574678150072,61,20.890243902439025,14.609756097560975,0.7439024390243902,0.495166628816654
ERN,72,0.49777603451656965,55,15.25,15.402777777777779,0.7638888888888888,0.49511284947304984
AD,39,0.4861439885593545,27,39.48717948717949,16.641025641025642,0.6923076923076923,0.49493340654377405
GMO,49,0.497952555434499,36,22.612244897959183,16.551020408163264,0.7346938775510204,0.4946777797945905
KLBG,96,0.49174857099857033,71,24.052083333333332,14.875,0.7395833333333334,0.4946531818452956
GGN,130,0.4984803542413795,101,10.792307692307693,15.261538461538462,0.7769230769230769,0.49438903273934404
NOQ,34,0.49187349011501597,21,56.44117647058823,16.176470588235293,0.6176470588235294,0.4943641697186476
KNW,150,0.4954083442284872,93,53.85333333333333,15.286666666666667,0.62,0.49394280000387825
PGW,118,0.49160228784835897,82,35.33898305084746,15.974576271186441,0.6949152542372882,0.49380478401063155
ERS,71,0.4995075934191423,52,21.633802816901408,14.774647887323944,0.7323943661971831,0.49367099115138985
DLN,34,0.4943765470292765,21,54.11764705882353,14.264705882352942,0.6176470588235294,0.4930166719881216
MAU,37,0.4955238906746544,24,45.13513513513514,18.054054054054053,0.6486486486486487,0.49284326827099917
NWP,30,0.4959579796172672,20,39.43333333333333,15.433333333333334,0.6666666666666666,0.4920878637832794
QLN,172,0.49754359644667934,129,16.186046511627907,14.424418604651162,0.75,0.4918769956636393
DNR,182,0.49612027819848126,118,43.8021978021978,17.593406593406595,0.6483516483516484,0.4915613805870593
BXN,37,0.4980391777253322,27,21.0,16.2972972972973,0.7297297297297297,0.49142844066749103
JMP,41,0.4972145082003418,28,33.09756097560975,17.170731707317074,0.6829268292682927,0.49050718316657566
SUR,136,0.4973731031817284,98,21.823529411764707,13.860294117647058,0.7205882352941176,0.4892741289036685
PNME,62,0.4913704141124083,45,22.725806451612904,14.838709677419354,0.7258064516129032,0.4888475076984788
APR,36,0.4960833956587162,25,29.0,14.805555555555555,0.6944444444444444,0.48881350990989497
LDH,326,0.4970451580612721,232,23.920245398773005,13.763803680981596,0.7116564417177914,0.48877593816652487
BXR,164,0.49548284166852724,102,48.6219512195122,14.24390243902439,0.6219512195121951,0.4887137567321192
CRJ,102,0.49388601992065945,70,31.862745098039216,15.490196078431373,0.6862745098039216,0.48846601737358586
CGL,144,0.4961595932321776,108,12.666666666666666,17.22222222222222,0.75,0.48724832756314324
TBM,151,0.49376432932165815,115,9.52980132450331,15.139072847682119,0.7615894039735099,0.48601871887805354
GTL,146,0.49691318210601426,106,17.568493150684933,13.73972602739726,0.726027397260274,0.4859163685651888
NBD,48,0.4846674548749419,36,16.520833333333332,16.666666666666668,0.75,0.48581340678124424
TNA,396,0.4984984100754116,281,21.042929292929294,12.63888888888889,0.7095959595959596,0.48566594514572103
AKV,50,0.4972725317881323,37,13.32,18.32,0.74,0.4855355947531266
KPD,320,0.49702978478046517,229,19.88125,12.484375,0.715625,0.48544092706584774
ED,290,0.4968831107294667,210,17.641379310344828,12.910344827586206,0.7241379310344828,0.4854160211519739
SHG,46,0.4990142075202196,30,35.869565217391305,16.97826086956522,0.6521739130434783,0.4852818338447319
MTC,77,0.49581913865812627,51,34.467532467532465,16.818181818181817,0.6623376623376623,0.48516515490679635
KRR,38,0.4951635761114526,28,14.526315789473685,14.447368421052632,0.7368421052631579,0.48488309501439814
VKB,31,0.4964374930313083,22,21.225806451612904,14.516129032258064,0.7096774193548387,0.4848644851315162
GNT,111,0.49715035217568043,75,29.90990990990991,15.243243243243244,0.6756756756756757,0.48473415385755625
BHC,84,0.4983653757624018,50,50.464285714285715,14.607142857142858,0.5952380952380952,0.484201863336618
TUNI,46,0.4960788246016327,31,30.08695652173913,15.282608695652174,0.6739130434782609,0.48386763912700054
NJP,123,0.4972202729187087,80,35.390243902439025,15.308943089430894,0.6504065040650406,0.4833184902543017
G,98,0.4950154028903702,60,46.42857142857143,14.33673469387755,0.6122448979591837,0.48311469592082773
AKP,72,0.49690667236143404,48,30.90277777777778,15.944444444444445,0.6666666666666666,0.4830202017039584
TRL,45,0.49541952900649905,32,19.622222222222224,18.8,0.7111111111111111,0.4829918922685988
SWM,140,0.4942610087372961,93,32.52142857142857,14.07857142857143,0.6642857142857143,0.4827936555351549
SLN,35,0.4959572329896183,23,33.2,19.37142857142857,0.6571428571428571,0.4822579389620511
TDL,196,0.49666125346642737,138,20.112244897959183,12.96938775510204,0.7040816326530612,0.48205203475951147
ARJ,53,0.4949308662021052,34,37.490566037735846,15.60377358490566,0.6415094339622641,0.48185401948406725
BDL,45,0.49636776948265093,30,29.977777777777778,14.066666666666666,0.6666666666666666,0.48171607464935423
KOTA,187,0.4961996215080671,125,29.144385026737968,14.508021390374331,0.6684491978609626,0.4812345533637071
BTT,41,0.4954048186947375,28,25.29268292682927,15.902439024390244,0.6829268292682927,0.4808720497686052
DD,70,0.49609606137455864,48,24.185714285714287,14.514285714285714,0.6857142857142857,0.4808156880858092
TLY,57,0.4901451718013199,38,31.92982456140351,17.894736842105264,0.6666666666666666,0.4807882733295229
KUH,39,0.49768927929333373,28,14.615384615384615,16.615384615384617,0.717948717948718,0.4805775599701912
GY,46,0.496793982535004,32,20.934782608695652,16.891304347826086,0.6956521739130435,0.48050962622519094
PCOI,79,0.49628531714822977,52,30.962025316455698,14.772151898734178,0.6582278481012658,0.4802441509423645
MTD,77,0.49610851569296116,56,12.246753246753247,12.441558441558442,0.7272727272727273,0.4799349051633695
KQR,85,0.48676069848454717,58,28.352941176470587,14.717647058823529,0.6823529411764706,0.47980093089775455
BJU,153,0.49553089973919057,94,41.57516339869281,14.5359477124183,0.6143790849673203,0.478583832405309
MSH,97,0.4835360965785334,72,11.1340206185567,14.824742268041238,0.7422680412371134,0.47690262242612413
DR,311,0.4970003530425484,217,16.70096463022508,13.12540192926045,0.6977491961414791,0.4765061038539026
DRU,50,0.49567250231016935,34,20.52,17.46,0.68,0.47478927128931286
MKN,53,0.49221860009074725,38,12.0,14.622641509433961,0.7169811320754716,0.47462645845996143
LKR,37,0.49432478065541513,23,36.4054054054054,18.08108108108108,0.6216216216216216,0.474370806797869
BNZ,48,0.4959148002989337,31,28.854166666666668,15.020833333333334,0.6458333333333334,0.4739827543627405
DEC,141,0.49699773764640576,101,9.205673758865249,14.893617021276595,0.7163120567375887,0.47368966007139807
KIUL,182,0.4960425649601853,115,31.873626373626372,14.17032967032967,0.6318681318681318,0.47323454796181447
GADJ,81,0.4935409789511041,56,16.74074074074074,15.45679012345679,0.691358024691358,0.47290355766678577
RJT,51,0.49165285645843554,36,13.235294117647058,15.294117647058824,0.7058823529411765,0.4723957136615115
KGI,59,0.4948578805976626,41,13.830508474576272,16.440677966101696,0.6949152542372882,0.471373883991244
MAD,37,0.4958825867623675,26,10.864864864864865,16.945945945945947,0.7027027027027027,0.470905196882
DHD,60,0.4807033621950526,38,36.15,15.883333333333333,0.6333333333333333,0.47078792270826453
HVR,42,0.48863887583580345,29,16.80952380952381,15.80952380952381,0.6904761904761905,0.47026489440027097
JMT,33,0.49483322773852717,21,28.21212121212121,16.606060606060606,0.6363636363636364,0.4698828873422484
KMNC,30,0.49581539465087654,21,10.633333333333333,16.433333333333334,0.7,0.46980180619941286
MKU,51,0.48292950215687,31,39.705882352941174,16.529411764705884,0.6078431372549019,0.46823143090472796
BSP,94,0.4961811309085965,52,48.202127659574465,13.702127659574469,0.5531914893617021,0.46796538100953644
BSR,44,0.4957885251691509,29,18.545454545454547,16.295454545454547,0.6590909090909091,0.4663658916266743
JAT,63,0.4943275693149732,38,33.63492063492063,20.80952380952381,0.6031746031746031,0.46573911934020384
LPI,40,0.49393799169135927,24,32.975,14.775,0.6,0.4638537833177154
SA,324,0.48148831093228345,222,15.212962962962964,12.592592592592593,0.6851851851851852,0.46331644811673417
OGL,185,0.4944398644734916,113,27.875675675675677,14.378378378378379,0.6108108108108108,0.46164402075479405
HX,30,0.49532857623950277,19,21.1,16.033333333333335,0.6333333333333333,0.4612660778289236
JP,295,0.49547216966362145,196,12.162711864406779,13.416949152542372,0.6644067796610169,0.4606629418446648
CPR,162,0.49464151774321774,88,44.45679012345679,15.228395061728396,0.5432098765432098,0.46001167499280093
MOZ,72,0.49390889954421474,46,18.694444444444443,14.694444444444445,0.6388888888888888,0.45953212812159777
LRJ,53,0.49420207848824776,34,17.339622641509433,17.09433962264151,0.6415094339622641,0.45894942048594567
PAN,40,0.4952920845779132,26,14.5,16.45,0.65,0.4588652816625584
KIR,44,0.49677490904069727,27,22.90909090909091,17.227272727272727,0.6136363636363636,0.458103744941337
ASK,79,0.49514628734856275,52,11.367088607594937,15.620253164556962,0.6582278481012658,0.4577563623189731
BIM,51,0.48027159668304337,35,9.901960784313726,14.980392156862745,0.6862745098039216,0.4570941700570983
KSG,143,0.49045185425964505,91,17.615384615384617,14.41958041958042,0.6363636363636364,0.45583902767580897
CVP,44,0.48341220020540177,30,7.7272727272727275,19.5,0.6818181818181818,0.4548950364459996
BL,218,0.49445176465554935,142,10.160550458715596,13.412844036697248,0.6513761467889908,0.4540039953339524
NBQ,46,0.4934193317309487,27,27.58695652173913,17.0,0.5869565217391305,0.453654515588264
FL,183,0.49479154729094915,117,12.666666666666666,13.601092896174864,0.639344262295082,0.4533675832810536
ROK,45,0.49374681248135843,28,16.866666666666667,14.955555555555556,0.6222222222222222,0.4524065904315815
PRG,33,0.4936493780630373,20,19.696969696969695,13.969696969696969,0.6060606060606061,0.4506752754324406
SEG,50,0.48669430722630486,29,29.52,14.46,0.58,0.4503672878413404
WADI,92,0.49403007458430465,55,21.282608695652176,15.456521739130435,0.5978260869565217,0.45016891337424547
DHN,153,0.48590842460918154,99,11.143790849673202,14.562091503267974,0.6470588235294118,0.4495369497992904
AKVD,31,0.4822172826398303,18,30.516129032258064,15.129032258064516,0.5806451612903226,0.4494365622263162
BHP,124,0.4884498453050239,79,11.661290322580646,15.798387096774194,0.6370967741935484,0.44839790381726624
MALM,80,0.481835110062342,47,27.5375,14.975,0.5875,0.44797012773810607
VSKP,185,0.49363617189429176,107,24.383783783783784,14.102702702702702,0.5783783783783784,0.44760652539330337
PBN,44,0.49063882784798984,24,32.36363636363637,17.295454545454547,0.5454545454545454,0.4451567130901531
RPH,110,0.4936693452256388,68,11.0,16.745454545454546,0.6181818181818182,0.444593468626649
CRP,48,0.49364731540606016,28,19.770833333333332,18.3125,0.5833333333333334,0.44393868380295554
RNG,33,0.49387940437081684,20,12.818181818181818,18.242424242424242,0.6060606060606061,0.4430958949858966
RTM,262,0.4933227510454244,152,19.171755725190838,13.530534351145038,0.5801526717557252,0.4421520939679877
AYC,33,0.4914554033292075,17,36.72727272727273,17.696969696969695,0.5151515151515151,0.44135511675510614
MHD,35,0.49332825912772327,22,5.371428571428571,17.571428571428573,0.6285714285714286,0.4412438674993043
YG,60,0.49223411208873846,34,21.55,15.983333333333333,0.5666666666666667,0.4402222014582395
SRE,129,0.493074464326175,72,22.023255813953487,15.472868217054264,0.5581395348837209,0.43861360696148505
MKC,41,0.48673329692567346,26,4.439024390243903,16.902439024390244,0.6341463414634146,0.43857590256880064
YPR,160,0.4933329949403076,96,10.3125,13.93125,0.6,0.4382017323694826
GHY,52,0.4954690300518208,31,9.057692307692308,15.326923076923077,0.5961538461538461,0.4367123157486776
TK,80,0.4925922200613644,47,12.1875,14.925,0.5875,0.4361786603662527
PGT,167,0.49288515798504545,98,11.065868263473053,14.874251497005988,0.5868263473053892,0.4348684118904852
VG,78,0.49332882492708335,47,6.5,15.5,0.6025641025641025,0.4347043367450767
RGDA,30,0.49145339456290726,17,16.066666666666666,12.366666666666667,0.5666666666666667,0.4336983602195595
KCG,43,0.4930168692535879,25,11.395348837209303,18.74418604651163,0.5813953488372093,0.4336735144873631
DVG,44,0.4886165478109611,24,22.818181818181817,15.295454545454545,0.5454545454545454,0.4334683308507724
RMA,36,0.4904376029224655,21,11.166666666666666,14.055555555555555,0.5833333333333334,0.43270948005929394
BKI,85,0.4926850312976886,49,11.858823529411765,15.011764705882353,0.5764705882352941,0.43254859539617946
SRT,45,0.481722596958331,27,10.28888888888889,17.955555555555556,0.6,0.4323701227396676
RC,85,0.4879366934069814,47,20.058823529411764,15.141176470588235,0.5529411764705883,0.4322878624292441
NFK,132,0.4913496665599882,72,20.113636363636363,16.303030303030305,0.5454545454545454,0.43180967159604045
UJN,135,0.485413605783572,78,13.733333333333333,15.518518518518519,0.5777777777777777,0.4314018066203468
JNU,40,0.48929466447115894,20,32.625,17.85,0.5,0.4311406208261835
BD,81,0.49183459439284677,42,26.22222222222222,17.14814814814815,0.5185185185185185,0.4308041975195653
DVD,84,0.49148315346434934,43,26.547619047619047,16.55952380952381,0.5119047619047619,0.42900832862308763
SGG,44,0.49218828239667184,24,16.113636363636363,16.40909090909091,0.5454545454545454,0.4277547065837335
ST,542,0.49253960874741803,303,11.247232472324724,11.883763837638377,0.559040590405904,0.4265627784443893
AK,107,0.48837150735363033,58,17.485981308411215,16.149532710280372,0.5420560747663551,0.4263618393152353
MURI,105,0.47659271066287295,56,24.923809523809524,14.00952380952381,0.5333333333333333,0.42617533690169324
SNT,50,0.47565607510633007,28,17.48,14.04,0.56,0.42538061026010016
RNR,31,0.47842217749308913,17,19.096774193548388,15.193548387096774,0.5483870967741935,0.42508826273802897
UBL,87,0.4927165262437078,49,8.425287356321839,15.011494252873563,0.5632183908045977,0.42474803915106524
MJ,52,0.4908387060846603,28,15.153846153846153,14.403846153846153,0.5384615384615384,0.4239084254911341
TU,38,0.4902837053808645,19,23.026315789473685,14.973684210526315,0.5,0.42089835804778536
MYA,81,0.47638305022054656,46,8.160493827160494,17.62962962962963,0.5679012345679012,0.4176899646385413
DMM,80,0.4916306825907726,42,12.5,17.075,0.525,0.41729744420366366
VM,205,0.49153620740183085,110,9.385365853658536,15.682926829268293,0.5365853658536586,0.41724188555282793
AII,200,0.4915846465752449,106,10.965,14.525,0.53,0.41705742395876344
ATP,91,0.4903670062024826,47,15.10989010989011,15.87912087912088,0.5164835164835165,0.4170300011222359
ASN,240,0.4940967726169852,123,14.379166666666666,13.016666666666667,0.5125,0.416882465353981
BGP,35,0.4890001098326518,19,8.0,15.028571428571428,0.5428571428571428,0.4163057436347663
BSB,323,0.4917909737073443,151,26.08668730650155,14.575851393188854,0.4674922600619195,0.41532290458869264
FA,79,0.4780398305414078,43,10.316455696202532,14.531645569620252,0.5443037974683544,0.4138507141266493
DGR,148,0.4885252074753701,75,15.074324324324325,15.777027027027026,0.5067567567567568,0.41315129108274823
DG,141,0.4913549679824819,75,6.26241134751773,13.695035460992909,0.5319148936170213,0.4122568864695439
SUNR,42,0.4915218491712346,22,7.595238095238095,15.928571428571429,0.5238095238095238,0.4113995737813134
RNC,82,0.48992178788966634,38,24.158536585365855,17.195121951219512,0.4634146341463415,0.41100825576073324
BWN,296,0.47802049497063687,159,9.577702702702704,11.912162162162161,0.5371621621621622,0.41087221011909314
MDU,135,0.48190127391002685,73,6.4148148148148145,16.214814814814815,0.5407407407407407,0.41034826724749834
RE,153,0.49174386461877734,80,6.568627450980392,14.542483660130719,0.5228758169934641,0.41008213540628735
BER,38,0.49134121824215293,20,5.684210526315789,12.5,0.5263157894736842,0.4099235232856826
BUI,35,0.48630329410659406,15,32.68571428571428,20.257142857142856,0.42857142857142855,0.40828427728659844
BKSC,79,0.48901751382827985,36,23.531645569620252,16.10126582278481,0.45569620253164556,0.40753936887007686
PSA,88,0.4898381650403346,40,22.295454545454547,16.602272727272727,0.45454545454545453,0.406221706071113
CBE,180,0.49064442194961205,87,14.033333333333333,14.172222222222222,0.48333333333333334,0.4060194518398321
TPJ,199,0.4911958625963362,102,5.206030150753769,12.909547738693467,0.5125628140703518,0.4051900754641883
DHNE,49,0.49072666248944946,24,9.387755102040817,11.224489795918368,0.4897959183673469,0.4028029513880841
ND,205,0.4777742808814464,104,10.31219512195122,13.395121951219512,0.5073170731707317,0.4026171562643714
NVS,166,0.47767319964727284,83,11.951807228915662,14.385542168674698,0.5,0.4022055117128038
AWR,92,0.4875446649154065,44,11.847826086956522,15.73913043478261,0.4782608695652174,0.40050319521424443
NAD,140,0.4900441574649057,65,12.178571428571429,14.892857142857142,0.4642857142857143,0.39793035613737454
PTRD,38,0.4895900947116195,18,8.157894736842104,12.342105263157896,0.47368421052631576,0.3960254724117382
MRJ,31,0.48886757674375886,13,20.29032258064516,20.677419354838708,0.41935483870967744,0.3929363502539607
NH,35,0.486110301056138,16,10.114285714285714,16.542857142857144,0.45714285714285713,0.39151152636699516
BKN,33,0.490892390687765,15,7.878787878787879,15.787878787878787,0.45454545454545453,0.3906227935406149
BVI,274,0.47639473252852815,123,15.485401459854014,13.120437956204379,0.4489051094890511,0.39019037725399286
KYQ,39,0.48924205839748297,16,18.71794871794872,14.512820512820513,0.41025641025641024,0.388635255092162
VRI,88,0.4727354629952224,39,15.125,14.954545454545455,0.4431818181818182,0.3862406214711723
BDC,118,0.4821860264297348,55,2.73728813559322,12.966101694915254,0.4661016949152542,0.38398536524156135
TEN,37,0.48756682627277914,16,5.8108108108108105,19.08108108108108,0.43243243243243246,0.3800129312451023
PKR,36,0.48830955607756876,15,5.916666666666667,15.444444444444445,0.4166666666666667,0.375772973415369
ADI,297,0.48712337623012286,118,5.033670033670034,14.336700336700337,0.39730639730639733,0.36838411070034754
TTR,43,0.4865599187541068,16,9.44186046511628,15.325581395348838,0.37209302325581395,0.3654692315273057
COR,31,0.48675924048838093,11,8.387096774193548,17.129032258064516,0.3548387096774194,0.3592127731632927
NDB,47,0.4864347685538655,17,5.170212765957447,17.04255319148936,0.3617021276595745,0.35751125833090963
MLDT,147,0.4867756871225533,45,19.034013605442176,16.653061224489797,0.30612244897959184,0.35651542121426183
ABR,70,0.48321692342720357,25,3.8,16.914285714285715,0.35714285714285715,0.35300187814057526
GDA,48,0.48581283897141053,16,7.291666666666667,12.9375,0.3333333333333333,0.3510626461822004
SHRN,34,0.48329646296671397,9,15.852941176470589,17.735294117647058,0.2647058823529412,0.3387925925835017
DEE,41,0.48685264308052034,12,2.926829268292683,18.4390243902439,0.2926829268292683,0.3345050578309788
BTI,38,0.48392481712296637,10,6.026315789473684,14.921052631578947,0.2631578947368421,0.32765062238463166
BEAS,132,0.4654925001388121,29,24.674242424242426,18.757575757575758,0.2196969696969697,0.3262551647192603
ANND,247,0.46656203542201735,61,9.364372469635628,13.570850202429149,0.24696356275303644,0.3178447761002704
PNU,72,0.48318187171236665,17,2.0833333333333335,16.51388888888889,0.2361111111111111,0.3147546196742296
PER,81,0.4614761286417478,11,29.54320987654321,17.530864197530864,0.13580246913580246,0.3045249011203878
AZ,36,0.4793538129794044,5,14.0,15.38888888888889,0.1388888888888889,0.2970035284136396
JSME,136,0.4602141759657292,18,22.941176470588236,14.441176470588236,0.1323529411764706,0.2954742415557031
CNGR,60,0.46809560127078875,4,26.966666666666665,15.25,0.06666666666666667,0.2842118573095182
BH,241,0.4628876046833584,29,10.153526970954356,13.46058091286307,0.12033195020746888,0.2789008001231082
BRC,534,0.4615515311052276,57,9.194756554307116,11.771535580524345,0.10674157303370786,0.2730832000514366
MDP,147,0.44647882908936154,9,25.789115646258505,14.238095238095237,0.061224489795918366,0.2704536469938125
VAPI,313,0.4507406217736812,30,13.773162939297125,13.07667731629393,0.09584664536741214,0.26953052702424224
VPT,93,0.4602613338961603,9,9.172043010752688,18.49462365591398,0.0967741935483871,0.26942248095303556
TRVL,62,0.4356278387031706,0,34.435483870967744,17.451612903225808,0.0,0.25633235768600116
DWX,71,0.44715917589509,0,15.140845070422536,16.91549295774648,0.0,0.2405156562589796
MAN,35,0.4760032260116745,0,0.0,13.771428571428572,0.0,0.23800161300583725
