train_number,delay_min,cancelled,snapshot_ts
31450,7,False,2026-09-06T18:30:40Z
12377,35,False,2026-09-06T18:30:40Z
13153,108,False,2026-09-06T18:30:40Z
31844,15,False,2026-09-06T18:30:40Z
31542,6,False,2026-09-06T18:30:40Z
38455,15,False,2026-09-06T18:30:40Z
38828,41,False,2026-09-06T18:30:40Z
12839,181,False,2026-09-06T18:30:40Z
11447,69,False,2026-09-06T18:30:40Z
37290,18,False,2026-09-06T18:30:40Z
22898,90,False,2026-09-06T18:30:40Z
36860,10,False,2026-09-06T18:30:40Z
12666,15,False,2026-09-06T18:30:40Z
63502,16,False,2026-09-06T18:30:40Z
12022,219,False,2026-09-06T18:30:40Z
38830,48,False,2026-09-06T18:30:40Z
22893,271,False,2026-09-06T18:30:40Z
12221,288,False,2026-09-06T18:30:40Z
22302,204,False,2026-09-06T18:30:40Z
12840,168,False,2026-09-06T18:30:40Z
53002,23,False,2026-09-06T18:30:40Z
13024,32,False,2026-09-06T18:30:40Z
13036,26,False,2026-09-06T18:30:40Z
13030,10,False,2026-09-06T18:30:40Z
12167,14,False,2026-09-06T18:30:40Z
12115,8,False,2026-09-06T18:30:40Z
96406,40,False,2026-09-06T18:30:40Z
11062,6,False,2026-09-06T18:30:40Z
96228,36,False,2026-09-06T18:30:40Z
12145,169,False,2026-09-06T18:30:40Z
96522,22,False,2026-09-06T18:30:40Z
11058,30,False,2026-09-06T18:30:40Z
12810,143,False,2026-09-06T18:30:40Z
12141,274,False,2026-09-06T18:30:40Z
11057,451,False,2026-09-06T18:30:40Z
12811,249,False,2026-09-06T18:30:40Z
22177,235,False,2026-09-06T18:30:40Z
22538,437,False,2026-09-06T18:30:40Z
18030,236,False,2026-09-06T18:30:40Z
20822,495,False,2026-09-06T18:30:40Z
40385,,True,2026-09-06T18:30:40Z
40394,,True,2026-09-06T18:30:40Z
40660,,True,2026-09-06T18:30:40Z
40396,,True,2026-09-06T18:30:40Z
40662,,True,2026-09-06T18:30:40Z
12903,17,False,2026-09-06T18:30:40Z
12955,6,False,2026-09-06T18:30:40Z
12902,14,False,2026-09-06T18:30:40Z
12962,7,False,2026-09-06T18:30:40Z
09023,22,False,2026-09-06T18:30:40Z
09423,95,False,2026-09-06T18:30:40Z
12484,12,False,2026-09-06T18:30:40Z
12228,18,False,2026-09-06T18:30:40Z
05183,167,False,2026-09-06T18:30:40Z
40381,,True,2026-09-06T18:30:40Z
40383,,True,2026-09-06T18:30:40Z
15630,305,False,2026-09-06T18:30:40Z
12760,14,False,2026-09-06T18:30:40Z
20819,47,False,2026-09-06T18:30:40Z
22502,187,False,2026-09-06T18:30:40Z
17015,40,False,2026-09-06T18:30:40Z
12783,5,False,2026-09-06T18:30:40Z
22504,19,False,2026-09-06T18:30:40Z
12615,11,False,2026-09-06T18:30:40Z
12851,30,False,2026-09-06T18:30:40Z
12864,155,False,2026-09-06T18:30:40Z
20625,11,False,2026-09-06T18:30:40Z
08509,103,False,2026-09-06T18:30:40Z
17244,19,False,2026-09-06T18:30:40Z
05074,154,False,2026-09-06T18:30:40Z
18189,9,False,2026-09-06T18:30:40Z
19038,16,False,2026-09-06T18:30:40Z
19625,9,False,2026-09-06T18:30:40Z
09079,5,False,2026-09-06T18:30:40Z
12906,212,False,2026-09-06T18:30:40Z
12565,63,False,2026-09-06T18:30:40Z
19167,28,False,2026-09-06T18:30:40Z
12427,7,False,2026-09-06T18:30:40Z
15658,110,False,2026-09-06T18:30:40Z
15565,48,False,2026-09-06T18:30:40Z
12555,74,False,2026-09-06T18:30:40Z
12560,7,False,2026-09-06T18:30:40Z
13237,18,False,2026-09-06T18:30:40Z
02563,218,False,2026-09-06T18:30:40Z
02569,256,False,2026-09-06T18:30:40Z
12226,35,False,2026-09-06T18:30:40Z
12571,,True,2026-09-06T18:30:40Z
20103,99,False,2026-09-06T18:30:40Z
20508,195,False,2026-09-06T18:30:40Z
12183,45,False,2026-09-06T18:30:40Z
12556,166,False,2026-09-06T18:30:40Z
11055,94,False,2026-09-06T18:30:40Z
11061,23,False,2026-09-06T18:30:40Z
20424,18,False,2026-09-06T18:30:40Z
22178,82,False,2026-09-06T18:30:40Z
12716,30,False,2026-09-06T18:30:40Z
11078,17,False,2026-09-06T18:30:40Z
12159,30,False,2026-09-06T18:30:40Z
22910,201,False,2026-09-06T18:30:40Z
11071,27,False,2026-09-06T18:30:40Z
12625,24,False,2026-09-06T18:30:40Z
13202,28,False,2026-09-06T18:30:40Z
12406,93,False,2026-09-06T18:30:40Z
22359,114,False,2026-09-06T18:30:40Z
01450,218,False,2026-09-06T18:30:40Z
07076,369,False,2026-09-06T18:30:40Z
12143,42,False,2026-09-06T18:30:40Z
12173,38,False,2026-09-06T18:30:40Z
61129,9,False,2026-09-06T18:30:40Z
01449,71,False,2026-09-06T18:30:40Z
12105,48,False,2026-09-06T18:30:40Z
12130,246,False,2026-09-06T18:30:40Z
13425,311,False,2026-09-06T18:30:40Z
12137,45,False,2026-09-06T18:30:40Z
12129,8,False,2026-09-06T18:30:40Z
12152,317,False,2026-09-06T18:30:40Z
01923,57,False,2026-09-06T18:30:40Z
12322,54,False,2026-09-06T18:30:40Z
20801,76,False,2026-09-06T18:30:40Z
09152,41,False,2026-09-06T18:30:40Z
09034,133,False,2026-09-06T18:30:40Z
12302,7,False,2026-09-06T18:30:40Z
20818,8,False,2026-09-06T18:30:40Z
12310,6,False,2026-09-06T18:30:40Z
13251,21,False,2026-09-06T18:30:40Z
63295,152,False,2026-09-06T18:30:40Z
11402,22,False,2026-09-06T18:30:40Z
13152,64,False,2026-09-06T18:30:40Z
13258,38,False,2026-09-06T18:30:40Z
12888,37,False,2026-09-06T18:30:40Z
12841,110,False,2026-09-06T18:30:40Z
15645,707,False,2026-09-06T18:30:40Z
07222,230,False,2026-09-06T18:30:40Z
18477,150,False,2026-09-06T18:30:40Z
12663,76,False,2026-09-06T18:30:40Z
18018,,True,2026-09-06T18:30:40Z
22889,44,False,2026-09-06T18:30:40Z
12842,44,False,2026-09-06T18:30:40Z
18409,13,False,2026-09-06T18:30:40Z
18478,358,False,2026-09-06T18:30:40Z
63526,6,False,2026-09-06T18:30:40Z
12307,29,False,2026-09-06T18:30:40Z
37857,5,False,2026-09-06T18:30:40Z
08048,,True,2026-09-06T18:30:40Z
13022,47,False,2026-09-06T18:30:40Z
13029,9,False,2026-09-06T18:30:40Z
15048,66,False,2026-09-06T18:30:40Z
13148,123,False,2026-09-06T18:30:40Z
12346,77,False,2026-09-06T18:30:40Z
05932,132,False,2026-09-06T18:30:40Z
15960,24,False,2026-09-06T18:30:40Z
64409,10,False,2026-09-06T18:30:40Z
64415,11,False,2026-09-06T18:30:40Z
12001,24,False,2026-09-06T18:30:40Z
22480,52,False,2026-09-06T18:30:40Z
64051,31,False,2026-09-06T18:30:40Z
64019,62,False,2026-09-06T18:30:40Z
16524,113,False,2026-09-06T18:30:40Z
43524,22,False,2026-09-06T18:30:40Z
18413,177,False,2026-09-06T18:30:40Z
22641,23,False,2026-09-06T18:30:40Z
02023,80,False,2026-09-06T18:30:40Z
12366,88,False,2026-09-06T18:30:40Z
13248,131,False,2026-09-06T18:30:40Z
15484,7,False,2026-09-06T18:30:40Z
12361,35,False,2026-09-06T18:30:40Z
13333,256,False,2026-09-06T18:30:40Z
13330,,True,2026-09-06T18:30:40Z
53231,123,False,2026-09-06T18:30:40Z
13210,266,False,2026-09-06T18:30:40Z
13048,246,False,2026-09-06T18:30:40Z
63384,168,False,2026-09-06T18:30:40Z
15483,151,False,2026-09-06T18:30:40Z
15138,,True,2026-09-06T18:30:40Z
55516,14,False,2026-09-06T18:30:40Z
13005,38,False,2026-09-06T18:30:40Z
13047,12,False,2026-09-06T18:30:40Z
12504,,True,2026-09-06T18:30:40Z
12837,6,False,2026-09-06T18:30:40Z
12863,29,False,2026-09-06T18:30:40Z
38727,32,False,2026-09-06T18:30:40Z
38725,69,False,2026-09-06T18:30:40Z
18022,50,False,2026-09-06T18:30:40Z
18406,44,False,2026-09-06T18:30:40Z
12101,71,False,2026-09-06T18:30:40Z
12809,10,False,2026-09-06T18:30:40Z
01150,291,False,2026-09-06T18:30:40Z
12752,8,False,2026-09-06T18:30:40Z
12405,13,False,2026-09-06T18:30:40Z
22122,157,False,2026-09-06T18:30:40Z
11841,16,False,2026-09-06T18:30:40Z
22129,60,False,2026-09-06T18:30:40Z
64702,48,False,2026-09-06T18:30:40Z
12534,16,False,2026-09-06T18:30:40Z
12627,105,False,2026-09-06T18:30:40Z
22456,12,False,2026-09-06T18:30:40Z
14118,19,False,2026-09-06T18:30:40Z
19603,7,False,2026-09-06T18:30:40Z
12505,208,False,2026-09-06T18:30:40Z
15744,140,False,2026-09-06T18:30:40Z
15707,71,False,2026-09-06T18:30:40Z
15092,24,False,2026-09-06T18:30:40Z
14217,10,False,2026-09-06T18:30:40Z
12801,15,False,2026-09-06T18:30:40Z
04013,110,False,2026-09-06T18:30:40Z
14205,7,False,2026-09-06T18:30:40Z
12391,126,False,2026-09-06T18:30:40Z
04071,76,False,2026-09-06T18:30:40Z
04138,77,False,2026-09-06T18:30:40Z
15075,14,False,2026-09-06T18:30:40Z
31541,15,False,2026-09-06T18:30:40Z
31631,8,False,2026-09-06T18:30:40Z
12951,20,False,2026-09-06T18:30:40Z
12953,10,False,2026-09-06T18:30:40Z
19309,10,False,2026-09-06T18:30:40Z
20946,18,False,2026-09-06T18:30:40Z
11464,23,False,2026-09-06T18:30:40Z
22830,105,False,2026-09-06T18:30:40Z
15726,18,False,2026-09-06T18:30:40Z
12558,61,False,2026-09-06T18:30:40Z
22412,62,False,2026-09-06T18:30:40Z
04014,23,False,2026-09-06T18:30:40Z
13257,,True,2026-09-06T18:30:40Z
04445,12,False,2026-09-06T18:30:40Z
14016,7,False,2026-09-06T18:30:40Z
14206,14,False,2026-09-06T18:30:40Z
15279,172,False,2026-09-06T18:30:40Z
99829,29,False,2026-09-06T18:30:40Z
11139,11,False,2026-09-06T18:30:40Z
12701,16,False,2026-09-06T18:30:40Z
99901,,True,2026-09-06T18:30:40Z
40659,5,False,2026-09-06T18:30:40Z
16179,6,False,2026-09-06T18:30:40Z
14119,39,False,2026-09-06T18:30:40Z
14691,10,False,2026-09-06T18:30:40Z
13041,12,False,2026-09-06T18:30:40Z
22424,232,False,2026-09-06T18:30:40Z
15531,21,False,2026-09-06T18:30:40Z
15127,31,False,2026-09-06T18:30:40Z
15012,13,False,2026-09-06T18:30:40Z
14674,145,False,2026-09-06T18:30:40Z
04213,58,False,2026-09-06T18:30:40Z
14241,30,False,2026-09-06T18:30:40Z
20907,8,False,2026-09-06T18:30:40Z
22663,11,False,2026-09-06T18:30:40Z
19166,34,False,2026-09-06T18:30:40Z
15634,54,False,2026-09-06T18:30:40Z
12958,7,False,2026-09-06T18:30:40Z
05045,5,False,2026-09-06T18:30:40Z
14715,6,False,2026-09-06T18:30:40Z
20482,92,False,2026-09-06T18:30:40Z
12650,55,False,2026-09-06T18:30:40Z
12807,5,False,2026-09-06T18:30:40Z
16031,5,False,2026-09-06T18:30:40Z
64524,263,False,2026-09-06T18:30:40Z
64483,21,False,2026-09-06T18:30:40Z
64481,125,False,2026-09-06T18:30:40Z
12413,9,False,2026-09-06T18:30:40Z
14661,126,False,2026-09-06T18:30:40Z
18309,14,False,2026-09-06T18:30:40Z
14610,10,False,2026-09-06T18:30:40Z
14632,8,False,2026-09-06T18:30:40Z
14628,90,False,2026-09-06T18:30:40Z
15270,112,False,2026-09-06T18:30:40Z
15079,14,False,2026-09-06T18:30:40Z
55094,56,False,2026-09-06T18:30:40Z
09189,184,False,2026-09-06T18:30:40Z
14617,232,False,2026-09-06T18:30:40Z
15131,47,False,2026-09-06T18:30:40Z
22411,127,False,2026-09-06T18:30:40Z
15909,111,False,2026-09-06T18:30:40Z
12203,49,False,2026-09-06T18:30:40Z
55055,220,False,2026-09-06T18:30:40Z
15007,163,False,2026-09-06T18:30:40Z
12566,50,False,2026-09-06T18:30:40Z
15910,134,False,2026-09-06T18:30:40Z
02570,86,False,2026-09-06T18:30:40Z
15113,53,False,2026-09-06T18:30:40Z
11123,58,False,2026-09-06T18:30:40Z
63544,29,False,2026-09-06T18:30:40Z
63527,25,False,2026-09-06T18:30:40Z
13514,67,False,2026-09-06T18:30:40Z
13287,98,False,2026-09-06T18:30:40Z
13128,37,False,2026-09-06T18:30:40Z
12352,34,False,2026-09-06T18:30:40Z
13006,41,False,2026-09-06T18:30:40Z
22164,41,False,2026-09-06T18:30:40Z
12192,5,False,2026-09-06T18:30:40Z
22646,22,False,2026-09-06T18:30:40Z
18637,50,False,2026-09-06T18:30:40Z
12657,13,False,2026-09-06T18:30:40Z
13351,46,False,2026-09-06T18:30:40Z
12602,20,False,2026-09-06T18:30:40Z
12416,14,False,2026-09-06T18:30:40Z
01944,13,False,2026-09-06T18:30:40Z
51974,88,False,2026-09-06T18:30:40Z
12722,15,False,2026-09-06T18:30:40Z
64910,180,False,2026-09-06T18:30:40Z
22181,12,False,2026-09-06T18:30:40Z
12919,69,False,2026-09-06T18:30:40Z
09309,83,False,2026-09-06T18:30:40Z
67202,40,False,2026-09-06T18:30:40Z
12704,10,False,2026-09-06T18:30:40Z
67286,38,False,2026-09-06T18:30:40Z
20809,156,False,2026-09-06T18:30:40Z
12703,31,False,2026-09-06T18:30:40Z
17016,7,False,2026-09-06T18:30:40Z
14259,5,False,2026-09-06T18:30:40Z
55132,378,False,2026-09-06T18:30:40Z
15103,247,False,2026-09-06T18:30:40Z
20503,13,False,2026-09-06T18:30:40Z
54307,12,False,2026-09-06T18:30:40Z
12705,86,False,2026-09-06T18:30:40Z
47220,9,False,2026-09-06T18:30:40Z
17612,49,False,2026-09-06T18:30:40Z
20162,9,False,2026-09-06T18:30:40Z
12106,19,False,2026-09-06T18:30:40Z
12138,7,False,2026-09-06T18:30:40Z
12336,43,False,2026-09-06T18:30:40Z
11701,70,False,2026-09-06T18:30:40Z
09045,291,False,2026-09-06T18:30:40Z
11273,53,False,2026-09-06T18:30:40Z
22184,9,False,2026-09-06T18:30:40Z
19046,28,False,2026-09-06T18:30:40Z
15017,42,False,2026-09-06T18:30:40Z
09047,196,False,2026-09-06T18:30:40Z
51708,60,False,2026-09-06T18:30:40Z
16368,11,False,2026-09-06T18:30:40Z
22311,122,False,2026-09-06T18:30:40Z
11753,16,False,2026-09-06T18:30:40Z
19013,179,False,2026-09-06T18:30:40Z
12217,5,False,2026-09-06T18:30:40Z
09031,155,False,2026-09-06T18:30:40Z
12493,19,False,2026-09-06T18:30:40Z
09119,76,False,2026-09-06T18:30:40Z
22632,117,False,2026-09-06T18:30:40Z
12478,6,False,2026-09-06T18:30:40Z
22852,16,False,2026-09-06T18:30:40Z
17479,40,False,2026-09-06T18:30:40Z
18045,73,False,2026-09-06T18:30:40Z
22855,41,False,2026-09-06T18:30:40Z
42040,13,False,2026-09-06T18:30:40Z
42042,17,False,2026-09-06T18:30:40Z
12845,58,False,2026-09-06T18:30:40Z
15206,24,False,2026-09-06T18:30:40Z
61608,173,False,2026-09-06T18:30:40Z
22564,61,False,2026-09-06T18:30:40Z
15659,52,False,2026-09-06T18:30:40Z
20838,29,False,2026-09-06T18:30:40Z
22880,15,False,2026-09-06T18:30:40Z
12844,10,False,2026-09-06T18:30:40Z
20837,28,False,2026-09-06T18:30:40Z
04150,438,False,2026-09-06T18:30:40Z
12779,12,False,2026-09-06T18:30:40Z
12197,83,False,2026-09-06T18:30:40Z
09526,153,False,2026-09-06T18:30:40Z
43253,10,False,2026-09-06T18:30:40Z
14609,31,False,2026-09-06T18:30:40Z
38321,7,False,2026-09-06T18:30:40Z
38453,56,False,2026-09-06T18:30:40Z
14242,16,False,2026-09-06T18:30:40Z
54353,56,False,2026-09-06T18:30:40Z
14208,10,False,2026-09-06T18:30:40Z
12859,74,False,2026-09-06T18:30:40Z
18574,89,False,2026-09-06T18:30:40Z
12860,67,False,2026-09-06T18:30:40Z
18109,424,False,2026-09-06T18:30:40Z
22512,208,False,2026-09-06T18:30:40Z
00951,106,False,2026-09-06T18:30:40Z
18623,40,False,2026-09-06T18:30:40Z
63255,272,False,2026-09-06T18:30:40Z
15137,,True,2026-09-06T18:30:40Z
11428,35,False,2026-09-06T18:30:40Z
13329,,True,2026-09-06T18:30:40Z
63231,131,False,2026-09-06T18:30:40Z
11431,19,False,2026-09-06T18:30:40Z
07091,28,False,2026-09-06T18:30:40Z
63230,,True,2026-09-06T18:30:40Z
13238,18,False,2026-09-06T18:30:40Z
22877,200,False,2026-09-06T18:30:40Z
16526,12,False,2026-09-06T18:30:40Z
16525,45,False,2026-09-06T18:30:40Z
06556,70,False,2026-09-06T18:30:40Z
11021,17,False,2026-09-06T18:30:40Z
63270,32,False,2026-09-06T18:30:40Z
55520,206,False,2026-09-06T18:30:40Z
13420,22,False,2026-09-06T18:30:40Z
55565,96,False,2026-09-06T18:30:40Z
75210,46,False,2026-09-06T18:30:40Z
15655,22,False,2026-09-06T18:30:40Z
13021,22,False,2026-09-06T18:30:40Z
15528,239,False,2026-09-06T18:30:40Z
55578,86,False,2026-09-06T18:30:40Z
15203,27,False,2026-09-06T18:30:40Z
75245,29,False,2026-09-06T18:30:40Z
13105,47,False,2026-09-06T18:30:40Z
15049,42,False,2026-09-06T18:30:40Z
20506,9,False,2026-09-06T18:30:40Z
55062,199,False,2026-09-06T18:30:40Z
55034,123,False,2026-09-06T18:30:40Z
15010,6,False,2026-09-06T18:30:40Z
15066,453,False,2026-09-06T18:30:40Z
20990,10,False,2026-09-06T18:30:40Z
22208,7,False,2026-09-06T18:30:40Z
16350,30,False,2026-09-06T18:30:40Z
16604,20,False,2026-09-06T18:30:40Z
15608,640,False,2026-09-06T18:30:40Z
16320,11,False,2026-09-06T18:30:40Z
63571,82,False,2026-09-06T18:30:40Z
13121,25,False,2026-09-06T18:30:40Z
13415,,True,2026-09-06T18:30:40Z
15027,22,False,2026-09-06T18:30:40Z
13031,11,False,2026-09-06T18:30:40Z
63206,64,False,2026-09-06T18:30:40Z
20832,38,False,2026-09-06T18:30:40Z
11116,8,False,2026-09-06T18:30:40Z
13185,33,False,2026-09-06T18:30:40Z
55121,130,False,2026-09-06T18:30:40Z
19306,21,False,2026-09-06T18:30:40Z
15136,23,False,2026-09-06T18:30:40Z
11059,199,False,2026-09-06T18:30:40Z
20930,8,False,2026-09-06T18:30:40Z
63202,139,False,2026-09-06T18:30:40Z
12506,40,False,2026-09-06T18:30:40Z
63218,80,False,2026-09-06T18:30:40Z
13032,10,False,2026-09-06T18:30:40Z
14164,19,False,2026-09-06T18:30:40Z
02418,7,False,2026-09-06T18:30:40Z
15733,17,False,2026-09-06T18:30:40Z
14117,36,False,2026-09-06T18:30:40Z
18043,146,False,2026-09-06T18:30:40Z
68419,57,False,2026-09-06T18:30:40Z
58532,46,False,2026-09-06T18:30:40Z
13434,40,False,2026-09-06T18:30:40Z
18248,22,False,2026-09-06T18:30:40Z
18247,27,False,2026-09-06T18:30:40Z
68804,132,False,2026-09-06T18:30:40Z
12804,12,False,2026-09-06T18:30:40Z
12389,11,False,2026-09-06T18:30:40Z
12252,514,False,2026-09-06T18:30:40Z
20605,6,False,2026-09-06T18:30:40Z
67301,25,False,2026-09-06T18:30:40Z
17482,59,False,2026-09-06T18:30:40Z
53261,42,False,2026-09-06T18:30:40Z
