train_number,station_code,station_name,avg_delay_minutes,percent_right_time,percent_slight_delay,percent_significant_delay,percent_cancelled
02501,KOAA,KOLKATA,7.0,94.23,1.92,3.85,0.0
02501,BDC,BANDEL JN,11.0,90.38,5.77,3.85,0.0
02501,NDAE,NABADWIP DHAM,22.0,61.54,34.62,3.85,0.0
02501,KWAE,KATWA,19.0,69.23,25.0,5.77,0.0
02501,AZ,AZIMGANJ JN,14.0,86.54,7.69,5.77,0.0
02501,JRLE,JANGIPUR ROAD,19.0,59.62,32.69,5.77,1.92
02501,MLDT,MALDA TOWN,73.0,17.31,34.62,48.08,0.0
02501,KNE,KISHANGANJ,131.0,0.0,15.38,84.62,0.0
02501,NJP,NEW JALPAIGURI,129.0,3.85,17.31,78.85,0.0
02501,NCB,NEW COOCH BEHAR,167.0,0.0,15.38,84.62,0.0
02501,NOQ,NEW ALIPURDAUR,156.0,1.92,13.46,84.62,0.0
02501,KOJ,KOKRAJHAR,175.0,0.0,11.54,88.46,0.0
02501,NBQ,NEW BONGAIGAON,166.0,1.92,11.54,86.54,0.0
02501,GLPT,GOALPARA TOWN,169.0,3.85,7.69,88.46,0.0
02501,GHY,GUWAHATI,230.0,0.0,3.85,96.15,0.0
02501,MYD,MANDERDISA,262.0,0.0,0.0,100.0,0.0
02501,NHLG,NEW HAFLONG,262.0,0.0,3.85,96.15,0.0
02501,BPB,BADARPUR JN,237.0,0.0,5.77,94.23,0.0
02501,NKMG,NEW KARIMGANJ,247.0,0.0,3.85,96.15,0.0
02501,DMR,DHARMANAGAR,240.0,1.92,3.85,94.23,0.0
02501,AGTL,AGARTALA,227.0,3.85,7.69,88.46,0.0
02502,AGTL,AGARTALA,3.0,96.15,3.85,0.0,0.0
02502,DMR,DHARMANAGAR,16.0,50.0,50.0,0.0,0.0
02502,NKMG,NEW KARIMGANJ,18.0,57.69,40.38,1.92,0.0
02502,BPB,BADARPUR JN,29.0,30.77,61.54,7.69,0.0
02502,NHLG,NEW HAFLONG,22.0,53.85,34.62,11.54,0.0
02502,MYD,MANDERDISA,18.0,65.38,26.92,7.69,0.0
02502,GHY,GUWAHATI,36.0,57.69,19.23,23.08,0.0
02502,GLPT,GOALPARA TOWN,88.0,0.0,46.15,51.92,1.92
02502,NBQ,NEW BONGAIGAON,74.0,17.31,34.62,48.08,0.0
02502,KOJ,KOKRAJHAR,85.0,9.62,34.62,55.77,0.0
02502,NOQ,NEW ALIPURDAUR,98.0,3.85,34.62,61.54,0.0
02502,NCB,NEW COOCH BEHAR,127.0,0.0,23.08,76.92,0.0
02502,NJP,NEW JALPAIGURI,98.0,15.38,21.15,63.46,0.0
02502,KNE,KISHANGANJ,118.0,11.54,9.62,78.85,0.0
02502,MLDT,MALDA TOWN,132.0,13.46,3.85,82.69,0.0
02502,JRLE,JANGIPUR ROAD,156.0,11.54,3.85,84.62,0.0
02502,AZ,AZIMGANJ JN,155.0,13.46,3.85,82.69,0.0
02502,KWAE,KATWA,157.0,13.46,3.85,82.69,0.0
02502,NDAE,NABADWIP DHAM,162.0,13.46,1.92,84.62,0.0
02502,BDC,BANDEL JN,166.0,13.46,3.85,82.69,0.0
02502,KOAA,KOLKATA,165.0,13.46,5.77,80.77,0.0
02517,KOAA,KOLKATA,19.0,81.13,7.55,11.32,0.0
02517,BDC,BANDEL JN,26.0,71.7,15.09,13.21,0.0
02517,NDAE,NABADWIP DHAM,34.0,54.72,28.3,16.98,0.0
02517,KWAE,KATWA,33.0,64.15,16.98,18.87,0.0
02517,AZ,AZIMGANJ JN,25.0,71.7,9.43,18.87,0.0
02517,JRLE,JANGIPUR ROAD,34.0,49.06,30.19,20.75,0.0
02517,MLDT,MALDA TOWN,75.0,7.55,52.83,39.62,0.0
02517,KNE,KISHANGANJ,140.0,0.0,7.55,92.45,0.0
02517,NJP,NEW JALPAIGURI,135.0,5.66,3.77,90.57,0.0
02517,NCB,NEW COOCH BEHAR,177.0,1.89,7.55,90.57,0.0
02517,NOQ,NEW ALIPURDAUR,169.0,1.89,7.55,90.57,0.0
02517,KOJ,KOKRAJHAR,191.0,3.77,5.66,90.57,0.0
02517,NBQ,NEW BONGAIGAON,180.0,7.55,0.0,92.45,0.0
02517,GLPT,GOALPARA TOWN,194.0,5.66,1.89,90.57,1.89
02517,GHY,GUWAHATI,186.0,3.77,7.55,88.68,0.0
02518,GHY,GUWAHATI,13.0,75.0,21.15,3.85,0.0
02518,GLPT,GOALPARA TOWN,57.0,3.85,65.38,30.77,0.0
02518,NBQ,NEW BONGAIGAON,42.0,23.08,57.69,19.23,0.0
02518,KOJ,KOKRAJHAR,50.0,19.23,53.85,26.92,0.0
02518,NOQ,NEW ALIPURDAUR,65.0,9.62,48.08,42.31,0.0
02518,NCB,NEW COOCH BEHAR,95.0,0.0,30.77,69.23,0.0
02518,NJP,NEW JALPAIGURI,66.0,23.08,36.54,40.38,0.0
02518,KNE,KISHANGANJ,94.0,0.0,46.15,53.85,0.0
02518,MLDT,MALDA TOWN,124.0,3.85,13.46,82.69,0.0
02518,JRLE,JANGIPUR ROAD,146.0,1.92,7.69,90.38,0.0
02518,AZ,AZIMGANJ JN,148.0,1.92,9.62,88.46,0.0
02518,KWAE,KATWA,150.0,3.85,11.54,84.62,0.0
02518,NDAE,NABADWIP DHAM,158.0,3.85,11.54,84.62,0.0
02518,BDC,BANDEL JN,160.0,7.69,7.69,84.62,0.0
02518,KOAA,KOLKATA,156.0,7.69,9.62,82.69,0.0
05639,SCL,SILCHAR,1.0,100.0,0.0,0.0,0.0
05639,BPB,BADARPUR JN,6.0,86.79,13.21,0.0,0.0
05639,NHGJ,NEW HARANGAJAO,14.0,66.04,32.08,1.89,0.0
05639,NHLG,NEW HAFLONG,18.0,62.26,33.96,3.77,0.0
05639,MBG,MAIBANG,27.0,22.64,75.47,1.89,0.0
05639,LMG,LUMDING JN,13.0,66.04,32.08,1.89,0.0
05639,LKA,LANKA,16.0,54.72,43.4,1.89,0.0
05639,HJI,HOJAI,18.0,49.06,49.06,1.89,0.0
05639,GHY,GUWAHATI,62.0,30.19,16.98,52.83,0.0
05639,KYQ,KAMAKHYA,78.0,22.64,18.87,58.49,0.0
05639,GLPT,GOALPARA TOWN,102.0,1.89,28.3,69.81,0.0
05639,NBQ,NEW BONGAIGAON,83.0,16.98,22.64,60.38,0.0
05639,KOJ,KOKRAJHAR,90.0,15.09,20.75,64.15,0.0
05639,GOGH,GOSSAIGAON HAT,105.0,1.89,30.19,67.92,0.0
05639,NOQ,NEW ALIPURDAUR,109.0,7.55,22.64,69.81,0.0
05639,NCB,NEW COOCH BEHAR,130.0,0.0,20.75,79.25,0.0
05639,DQG,DHUPGURI,121.0,3.77,20.75,75.47,0.0
05639,NJP,NEW JALPAIGURI,112.0,13.21,16.98,69.81,0.0
05639,AUB,ALUABARI ROAD,126.0,7.55,18.87,73.58,0.0
05639,KNE,KISHANGANJ,136.0,5.66,20.75,73.58,0.0
05639,BOE,BARSOI JN,151.0,1.89,20.75,77.36,0.0
05639,KDPR,KUMEDPUR,159.0,1.89,18.87,79.25,0.0
05639,MLDT,MALDA TOWN,150.0,7.55,16.98,75.47,0.0
05639,JRLE,JANGIPUR ROAD,168.0,9.43,11.32,79.25,0.0
05639,AZ,AZIMGANJ JN,164.0,9.43,9.43,81.13,0.0
05639,KWAE,KATWA,158.0,13.21,7.55,79.25,0.0
05639,BDC,BANDEL JN,148.0,15.09,15.09,69.81,0.0
05639,NH,NAIHATI JN,147.0,13.21,18.87,67.92,0.0
05639,KOAA,KOLKATA,134.0,22.64,13.21,64.15,0.0
05640,KOAA,KOLKATA,161.0,15.38,17.31,67.31,0.0
05640,NH,NAIHATI JN,153.0,19.23,19.23,61.54,0.0
05640,BDC,BANDEL JN,165.0,15.38,13.46,71.15,0.0
05640,KWAE,KATWA,159.0,11.54,25.0,63.46,0.0
05640,AZ,AZIMGANJ JN,137.0,21.15,15.38,63.46,0.0
05640,JRLE,JANGIPUR ROAD,126.0,25.0,23.08,51.92,0.0
05640,MLDT,MALDA TOWN,149.0,19.23,17.31,63.46,0.0
05640,KDPR,KUMEDPUR,167.0,7.69,25.0,67.31,0.0
05640,BOE,BARSOI JN,165.0,7.69,26.92,65.38,0.0
05640,KNE,KISHANGANJ,190.0,3.85,23.08,73.08,0.0
05640,AUB,ALUABARI ROAD,194.0,3.85,23.08,73.08,0.0
05640,NJP,NEW JALPAIGURI,176.0,13.46,23.08,63.46,0.0
05640,DQG,DHUPGURI,172.0,15.38,17.31,67.31,0.0
05640,NCB,NEW COOCH BEHAR,194.0,9.62,13.46,76.92,0.0
05640,NOQ,NEW ALIPURDAUR,193.0,5.77,17.31,76.92,0.0
05640,GOGH,GOSSAIGAON HAT,210.0,1.92,19.23,78.85,0.0
05640,KOJ,KOKRAJHAR,226.0,1.92,15.38,82.69,0.0
05640,NBQ,NEW BONGAIGAON,238.0,0.0,13.46,86.54,0.0
05640,GLPT,GOALPARA TOWN,237.0,1.92,9.62,88.46,0.0
05640,KYQ,KAMAKHYA,237.0,11.54,5.77,82.69,0.0
05640,GHY,GUWAHATI,258.0,1.92,13.46,84.62,0.0
05640,HJI,HOJAI,278.0,3.85,7.69,88.46,0.0
05640,LKA,LANKA,281.0,3.85,5.77,90.38,0.0
05640,LMG,LUMDING JN,281.0,1.92,7.69,90.38,0.0
05640,MBG,MAIBANG,249.0,7.69,3.85,88.46,0.0
05640,NHLG,NEW HAFLONG,258.0,5.77,7.69,86.54,0.0
05640,NHGJ,NEW HARANGAJAO,264.0,1.92,13.46,84.62,0.0
05640,BPB,BADARPUR JN,239.0,9.62,7.69,82.69,0.0
05640,SCL,SILCHAR,224.0,13.46,3.85,82.69,0.0
12346,GHY,GUWAHATI,15.0,87.12,6.85,6.03,0.0
12346,KYQ,KAMAKHYA,16.0,85.75,7.4,6.85,0.0
12346,NBQ,NEW BONGAIGAON,32.0,42.19,44.66,13.15,0.0
12346,NOQ,NEW ALIPURDAUR,39.0,33.97,45.75,20.27,0.0
12346,NCB,NEW COOCH BEHAR,55.0,13.42,56.44,30.14,0.0
12346,FLK,FALAKATA,55.0,10.41,65.21,24.38,0.0
12346,DQG,DHUPGURI,53.0,12.33,49.04,21.92,16.71
12346,NJP,NEW JALPAIGURI,40.0,42.74,33.97,23.29,0.0
12346,KNE,KISHANGANJ,53.0,16.44,57.26,26.3,0.0
12346,MLDT,MALDA TOWN,46.0,32.6,42.19,25.21,0.0
12346,NFK,NEW FARAKKA JN,43.0,58.36,15.34,26.3,0.0
12346,RPH,RAMPUR HAT,59.0,27.95,36.44,35.34,0.27
12346,BHP,BOLPUR S NIKTN,71.0,16.71,42.19,40.82,0.27
12346,BWN,BARDDHAMAN JN,58.0,36.99,30.14,32.6,0.27
12346,HWH,HOWRAH JN,49.0,49.59,20.0,30.41,0.0
12423,DBRG,DIBRUGARH,8.0,78.9,0.82,2.19,18.08
12423,DBRT,DIBRUGARH TOWN,3.0,17.81,0.0,0.27,81.92
12423,NTSK,NEW TINSUKIA JN,9.0,94.25,2.74,2.47,0.55
12423,MXN,MARIANI JN,21.0,65.48,29.04,5.48,0.0
12423,DMV,DIMAPUR,26.0,49.86,43.01,7.12,0.0
12423,LMG,LUMDING JN,35.0,28.49,59.45,12.05,0.0
12423,CPK,CHAPARMUKH JN,42.0,15.89,68.77,15.34,0.0
12423,GHY,GUWAHATI,34.0,40.82,45.48,13.7,0.0
12423,BNGN,BONGAIGAON,27.0,1.1,2.74,0.27,95.89
12423,NBQ,NEW BONGAIGAON,44.0,33.97,37.81,24.11,4.11
12423,KOJ,KOKRAJHAR,50.0,29.59,43.84,26.58,0.0
12423,NCB,NEW COOCH BEHAR,67.0,12.88,46.58,40.55,0.0
12423,NJP,NEW JALPAIGURI,48.0,48.77,24.38,26.85,0.0
12423,KNE,KISHANGANJ,57.0,39.73,30.96,29.32,0.0
12423,KIR,KATIHAR JN,50.0,58.36,13.7,27.95,0.0
12423,NNA,NAUGACHIA,53.0,53.7,18.9,27.4,0.0
12423,BJU,BARAUNI JN,60.0,38.36,31.23,30.41,0.0
12423,PPTA,PATLIPUTRA,42.0,64.93,11.78,23.29,0.0
12423,DNR,DANAPUR,45.0,63.29,12.6,24.11,0.0
12423,DDU,PT DEEN DAYAL UPADHYAY JN,40.0,70.41,7.12,22.47,0.0
12423,PRYJ,PRAYAGRAJ JN,62.0,48.49,25.75,25.75,0.0
12423,CNB,KANPUR CENTRAL,76.0,31.78,40.0,28.22,0.0
12423,NDLS,NEW DELHI,88.0,61.37,9.04,29.59,0.0
12424,NDLS,NEW DELHI,5.0,96.71,1.92,1.37,0.0
12424,CNB,KANPUR CENTRAL,21.0,66.3,28.22,5.48,0.0
12424,PRYJ,PRAYAGRAJ JN,39.0,30.41,58.63,10.96,0.0
12424,DDU,PT DEEN DAYAL UPADHYAY JN,33.0,77.53,12.33,10.14,0.0
12424,DNR,DANAPUR,46.0,53.7,33.97,12.33,0.0
12424,PPTA,PATLIPUTRA,36.0,73.15,15.07,11.78,0.0
12424,BJU,BARAUNI JN,25.0,73.7,11.23,8.49,6.58
12424,NNA,NAUGACHIA,34.0,53.42,30.14,9.86,6.58
12424,KIR,KATIHAR JN,35.0,75.62,11.51,11.51,1.37
12424,KNE,KISHANGANJ,55.0,21.37,63.29,13.97,1.37
12424,NJP,NEW JALPAIGURI,46.0,63.84,21.92,14.25,0.0
12424,NCB,NEW COOCH BEHAR,42.0,68.22,16.99,14.79,0.0
12424,KOJ,KOKRAJHAR,56.0,47.67,33.97,18.36,0.0
12424,NBQ,NEW BONGAIGAON,47.0,66.03,18.08,15.89,0.0
12424,GHY,GUWAHATI,89.0,16.16,44.93,38.9,0.0
12424,CPK,CHAPARMUKH JN,102.0,7.95,43.01,49.04,0.0
12424,LMG,LUMDING JN,89.0,20.55,39.18,40.27,0.0
12424,DMV,DIMAPUR,98.0,16.71,39.73,43.56,0.0
12424,MXN,MARIANI JN,85.0,26.3,35.89,37.81,0.0
12424,NTSK,NEW TINSUKIA JN,93.0,15.89,44.93,39.18,0.0
12424,DBRG,DIBRUGARH,91.0,43.01,8.22,30.96,17.81
12424,DBRT,DIBRUGARH TOWN,16.0,13.97,2.47,1.37,82.19
12503,SMVB,SMVT BENGALURU,166.0,49.04,11.54,34.62,4.81
12503,WFD,WHITEFIELD,182.0,40.38,13.46,41.35,4.81
12503,KPD,KATPADI JN,205.0,27.88,22.12,45.19,4.81
12503,PER,PERAMBUR,209.0,24.04,24.04,47.12,4.81
12503,BZA,VIJAYAWADA JN,247.0,10.58,21.15,63.46,4.81
12503,DVD,DUVVADA,229.0,32.69,6.73,55.77,4.81
12503,VSKP,VISHAKAPATNAM,237.0,29.81,8.65,56.73,4.81
12503,VZM,VIZIANAGRAM JN,243.0,21.15,16.35,57.69,4.81
12503,CHE,SRIKAKULAM ROAD,247.0,20.19,18.27,55.77,5.77
12503,PSA,PALASA,243.0,25.0,12.5,56.73,5.77
12503,BAM,BRAHMAPUR,259.0,12.5,23.08,58.65,5.77
12503,KUR,KHURDA ROAD JN,285.0,2.88,23.08,68.27,5.77
12503,BBS,BHUBANESWAR,289.0,2.88,19.23,72.12,5.77
12503,CTC,CUTTACK,299.0,0.0,17.31,76.92,5.77
12503,BHC,BHADRAKH,277.0,8.65,23.08,61.54,6.73
12503,KGP,KHARAGPUR JN,314.0,4.81,16.35,74.04,4.81
12503,ADL,ANDUL,329.0,2.88,16.35,75.96,4.81
12503,DKAE,DANKUNI,331.0,4.81,15.38,70.19,9.62
12503,RPH,RAMPUR HAT,393.0,0.96,5.77,83.65,9.62
12503,MLDT,MALDA TOWN,402.0,1.92,5.77,87.5,4.81
12503,KNE,KISHANGANJ,450.0,0.96,3.85,90.38,4.81
12503,NJP,NEW JALPAIGURI,438.0,1.92,3.85,89.42,4.81
12503,NBQ,NEW BONGAIGAON,456.0,0.96,4.81,89.42,4.81
12503,KYQ,KAMAKHYA,472.0,1.92,1.92,91.35,4.81
12503,GHY,GUWAHATI,497.0,0.0,3.85,91.35,4.81
12503,NHLG,NEW HAFLONG,518.0,0.96,1.92,92.31,4.81
12503,BPB,BADARPUR JN,506.0,0.0,3.85,91.35,4.81
12503,NKMG,NEW KARIMGANJ,503.0,0.0,3.85,91.35,4.81
12503,DMR,DHARMANAGAR,493.0,0.96,3.85,90.38,4.81
12503,ABSA,AMBASA,492.0,0.96,3.85,89.42,5.77
12503,AGTL,AGARTALA,457.0,5.77,5.77,82.69,5.77
12504,AGTL,AGARTALA,60.0,77.88,2.88,13.46,5.77
12504,ABSA,AMBASA,72.0,60.58,18.27,15.38,5.77
12504,DMR,DHARMANAGAR,76.0,64.42,12.5,17.31,5.77
12504,NKMG,NEW KARIMGANJ,77.0,64.42,12.5,17.31,5.77
12504,BPB,BADARPUR JN,86.0,51.92,25.0,17.31,5.77
12504,NHLG,NEW HAFLONG,92.0,44.23,29.81,20.19,5.77
12504,GHY,GUWAHATI,87.0,50.0,25.0,19.23,5.77
12504,KYQ,KAMAKHYA,97.0,22.12,51.92,20.19,5.77
12504,NBQ,NEW BONGAIGAON,81.0,59.62,13.46,21.15,5.77
12504,NJP,NEW JALPAIGURI,104.0,28.85,34.62,30.77,5.77
12504,KNE,KISHANGANJ,121.0,9.62,47.12,37.5,5.77
12504,MLDT,MALDA TOWN,117.0,35.58,19.23,39.42,5.77
12504,RPH,RAMPUR HAT,152.0,8.65,33.65,46.15,11.54
12504,DKAE,DANKUNI,165.0,11.54,25.0,51.92,11.54
12504,ADL,ANDUL,168.0,10.58,26.92,56.73,5.77
12504,KGP,KHARAGPUR JN,185.0,10.58,18.27,65.38,5.77
12504,BHC,BHADRAKH,189.0,13.46,15.38,64.42,6.73
12504,CTC,CUTTACK,224.0,4.81,9.62,78.85,6.73
12504,BBS,BHUBANESWAR,240.0,0.0,10.58,82.69,6.73
12504,KUR,KHURDA ROAD JN,256.0,0.0,7.69,85.58,6.73
12504,BAM,BRAHMAPUR,288.0,0.0,2.88,90.38,6.73
12504,PSA,PALASA,254.0,0.96,3.85,88.46,6.73
12504,CHE,SRIKAKULAM ROAD,267.0,0.96,1.92,90.38,6.73
12504,VZM,VIZIANAGRAM JN,277.0,0.96,1.92,91.35,5.77
12504,VSKP,VISHAKAPATNAM,289.0,0.96,2.88,89.42,6.73
12504,DVD,DUVVADA,286.0,0.96,3.85,88.46,6.73
12504,BZA,VIJAYAWADA JN,345.0,0.0,2.88,91.35,5.77
12504,PER,PERAMBUR,381.0,0.0,1.92,90.38,7.69
12504,KPD,KATPADI JN,359.0,0.96,1.92,91.35,5.77
12504,WFD,WHITEFIELD,371.0,0.0,3.85,90.38,5.77
12504,SMVB,SMVT BENGALURU,342.0,1.92,3.85,88.46,5.77
12507,TVC,TRIVANDRUM CNTL,6.0,86.54,7.69,1.92,3.85
12507,QLN,KOLLAM JN,15.0,65.38,28.85,1.92,3.85
12507,KYJ,KAYANKULAM JN,17.0,59.62,34.62,1.92,3.85
12507,MVLK,MAVELIKARA,19.0,53.85,40.38,1.92,3.85
12507,CNGR,CHENGANNUR,24.0,34.62,59.62,1.92,3.85
12507,TRVL,TIRUVALLA,27.0,26.92,63.46,5.77,3.85
12507,KTYM,KOTTAYAM,21.0,42.31,51.92,1.92,3.85
12507,ERN,ERNAKULAM TOWN,18.0,57.69,34.62,3.85,3.85
12507,AWY,ALUVA,20.0,51.92,38.46,5.77,3.85
12507,TCR,THRISUR,26.0,42.31,44.23,9.62,3.85
12507,PGT,PALAKKAD JN,17.0,63.46,26.92,5.77,3.85
12507,CBE,COIMBATORE JN,23.0,44.23,46.15,5.77,3.85
12507,TUP,TIRUPPUR,28.0,40.38,48.08,7.69,3.85
12507,ED,ERODE JN,34.0,25.0,61.54,9.62,3.85
12507,SA,SALEM JN,35.0,15.38,69.23,11.54,3.85
12507,JTJ,JOLARPETTAI,29.0,38.46,46.15,11.54,3.85
12507,KPD,KATPADI JN,36.0,21.15,63.46,11.54,3.85
12507,AJJ,ARAKKONAM,39.0,13.46,65.38,15.38,5.77
12507,PER,PERAMBUR,45.0,9.62,65.38,19.23,5.77
12507,OGL,ONGOLE,62.0,0.0,59.62,36.54,3.85
12507,BZA,VIJAYAWADA JN,70.0,3.85,44.23,48.08,3.85
12507,RJY,RAJAMUNDRY,99.0,0.0,17.31,78.85,3.85
12507,VSKP,VISHAKAPATNAM,128.0,1.92,11.54,82.69,3.85
12507,VZM,VIZIANAGRAM JN,139.0,1.92,7.69,86.54,3.85
12507,CHE,SRIKAKULAM ROAD,145.0,0.0,9.62,86.54,3.85
12507,PSA,PALASA,135.0,1.92,13.46,80.77,3.85
12507,BAM,BRAHMAPUR,144.0,0.0,5.77,90.38,3.85
12507,BALU,BALUGAN,169.0,0.0,3.85,92.31,3.85
12507,KUR,KHURDA ROAD JN,167.0,0.0,1.92,94.23,3.85
12507,BBS,BHUBANESWAR,176.0,0.0,0.0,96.15,3.85
12507,CTC,CUTTACK,170.0,0.0,3.85,92.31,3.85
12507,JJKR,JAJPUR K ROAD,186.0,0.0,1.92,94.23,3.85
12507,BHC,BHADRAKH,186.0,0.0,1.92,94.23,3.85
12507,BLS,BALASORE,201.0,0.0,3.85,92.31,3.85
12507,KGP,KHARAGPUR JN,218.0,0.0,3.85,92.31,3.85
12507,DKAE,DANKUNI,237.0,0.0,1.92,88.46,9.62
12507,BHP,BOLPUR S NIKTN,299.0,0.0,0.0,90.38,9.62
12507,RPH,RAMPUR HAT,321.0,0.0,0.0,90.38,9.62
12507,PKR,PAKUR,339.0,0.0,0.0,90.38,9.62
12507,MLDT,MALDA TOWN,314.0,0.0,1.92,94.23,3.85
12507,KNE,KISHANGANJ,359.0,0.0,0.0,96.15,3.85
12507,NJP,NEW JALPAIGURI,344.0,0.0,0.0,96.15,3.85
12507,DQG,DHUPGURI,348.0,0.0,0.0,96.15,3.85
12507,NCB,NEW COOCH BEHAR,356.0,0.0,0.0,96.15,3.85
12507,NOQ,NEW ALIPURDAUR,364.0,0.0,0.0,96.15,3.85
12507,KOJ,KOKRAJHAR,373.0,0.0,0.0,96.15,3.85
12507,NBQ,NEW BONGAIGAON,353.0,0.0,1.92,94.23,3.85
12507,BPRD,BARPETA ROAD,388.0,0.0,1.92,94.23,3.85
12507,RNY,RANGIYA JN,447.0,0.0,0.0,96.15,3.85
12507,KYQ,KAMAKHYA,455.0,0.0,1.92,94.23,3.85
12507,GHY,GUWAHATI,475.0,0.0,0.0,96.15,3.85
12507,HJI,HOJAI,529.0,0.0,0.0,96.15,3.85
12507,LMG,LUMDING JN,567.0,0.0,0.0,94.23,5.77
12507,MBG,MAIBANG,570.0,0.0,0.0,96.15,3.85
12507,NHLG,NEW HAFLONG,552.0,0.0,0.0,96.15,3.85
12507,BPB,BADARPUR JN,512.0,0.0,1.92,94.23,3.85
12507,SCL,SILCHAR,479.0,1.92,0.0,94.23,3.85
12508,SCL,SILCHAR,18.0,84.91,5.66,5.66,3.77
12508,BPB,BADARPUR JN,33.0,62.26,22.64,11.32,3.77
12508,NHLG,NEW HAFLONG,29.0,67.92,18.87,9.43,3.77
12508,MBG,MAIBANG,25.0,69.81,16.98,9.43,3.77
12508,LMG,LUMDING JN,46.0,30.19,47.17,18.87,3.77
12508,HJI,HOJAI,51.0,26.42,47.17,22.64,3.77
12508,GHY,GUWAHATI,78.0,24.53,24.53,47.17,3.77
12508,KYQ,KAMAKHYA,82.0,20.75,28.3,47.17,3.77
12508,RNY,RANGIYA JN,106.0,5.66,28.3,62.26,3.77
12508,BPRD,BARPETA ROAD,132.0,0.0,18.87,77.36,3.77
12508,BNGN,BONGAIGAON,219.0,0.0,0.0,3.77,96.23
12508,NBQ,NEW BONGAIGAON,95.0,11.32,22.64,58.49,7.55
12508,KOJ,KOKRAJHAR,105.0,11.32,24.53,60.38,3.77
12508,NOQ,NEW ALIPURDAUR,124.0,3.77,22.64,69.81,3.77
12508,NCB,NEW COOCH BEHAR,132.0,1.89,15.09,79.25,3.77
12508,DQG,DHUPGURI,137.0,0.0,15.09,79.25,5.66
12508,NJP,NEW JALPAIGURI,109.0,18.87,18.87,58.49,3.77
12508,KNE,KISHANGANJ,133.0,7.55,15.09,73.58,3.77
12508,MLDT,MALDA TOWN,113.0,24.53,22.64,49.06,3.77
12508,PKR,PAKUR,114.0,24.53,22.64,43.4,9.43
12508,RPH,RAMPUR HAT,113.0,18.87,20.75,50.94,9.43
12508,BHP,BOLPUR S NIKTN,129.0,7.55,22.64,60.38,9.43
12508,DKAE,DANKUNI,168.0,1.89,20.75,64.15,13.21
12508,KGP,KHARAGPUR JN,170.0,7.55,20.75,67.92,3.77
12508,BLS,BALASORE,177.0,5.66,22.64,66.04,5.66
12508,BHC,BHADRAKH,192.0,3.77,16.98,73.58,5.66
12508,JJKR,JAJPUR K ROAD,200.0,1.89,13.21,79.25,5.66
12508,CTC,CUTTACK,213.0,3.77,11.32,79.25,5.66
12508,BBS,BHUBANESWAR,220.0,3.77,11.32,79.25,5.66
12508,KUR,KHURDA ROAD JN,222.0,3.77,11.32,79.25,5.66
12508,BALU,BALUGAN,241.0,1.89,7.55,84.91,5.66
12508,BAM,BRAHMAPUR,243.0,3.77,5.66,84.91,5.66
12508,PSA,PALASA,222.0,3.77,16.98,73.58,5.66
12508,CHE,SRIKAKULAM ROAD,232.0,3.77,5.66,84.91,5.66
12508,VZM,VIZIANAGRAM JN,248.0,3.77,5.66,86.79,3.77
12508,VSKP,VISHAKAPATNAM,254.0,5.66,7.55,83.02,3.77
12508,RJY,RAJAMUNDRY,284.0,0.0,7.55,88.68,3.77
12508,BZA,VIJAYAWADA JN,291.0,1.89,3.77,90.57,3.77
12508,PER,PERAMBUR,312.0,3.77,3.77,88.68,3.77
12508,AJJ,ARAKKONAM,310.0,3.77,3.77,88.68,3.77
12508,KPD,KATPADI JN,305.0,3.77,3.77,88.68,3.77
12508,JTJ,JOLARPETTAI,302.0,3.77,5.66,86.79,3.77
12508,SA,SALEM JN,310.0,3.77,7.55,84.91,3.77
12508,ED,ERODE JN,309.0,3.77,9.43,83.02,3.77
12508,TUP,TIRUPPUR,310.0,1.89,13.21,81.13,3.77
12508,CBE,COIMBATORE JN,300.0,3.77,13.21,79.25,3.77
12508,PGT,PALAKKAD JN,309.0,3.77,15.09,77.36,3.77
12508,TCR,THRISUR,316.0,9.43,7.55,79.25,3.77
12508,AWY,ALUVA,309.0,13.21,3.77,79.25,3.77
12508,ERN,ERNAKULAM TOWN,315.0,13.21,3.77,79.25,3.77
12508,KTYM,KOTTAYAM,316.0,13.21,3.77,79.25,3.77
12508,TRVL,TIRUVALLA,314.0,13.21,3.77,79.25,3.77
12508,CNGR,CHENGANNUR,316.0,13.21,3.77,79.25,3.77
12508,MVLK,MAVELIKARA,318.0,13.21,3.77,79.25,3.77
12508,KYJ,KAYANKULAM JN,317.0,13.21,3.77,79.25,3.77
12508,QLN,KOLLAM JN,317.0,9.43,7.55,79.25,3.77
12508,TVC,TRIVANDRUM CNTL,292.0,15.09,1.89,79.25,3.77
12509,SMVB,SMVT BENGALURU,9.0,84.08,7.64,2.55,5.73
12509,KJM,KRISHNARAJAPURM,19.0,65.61,24.84,3.82,5.73
12509,BWT,BANGARAPET,28.0,33.12,53.5,7.64,5.73
12509,JTJ,JOLARPETTAI,22.0,63.69,23.57,7.01,5.73
12509,KPD,KATPADI JN,26.0,52.87,31.85,9.55,5.73
12509,AJJ,ARAKKONAM,32.0,42.68,38.22,13.38,5.73
12509,PER,PERAMBUR,37.0,26.75,53.5,14.01,5.73
12509,OGL,ONGOLE,40.0,25.48,50.32,18.47,5.73
12509,BZA,VIJAYAWADA JN,47.0,28.66,42.04,23.57,5.73
12509,RJY,RAJAMUNDRY,90.0,7.01,27.39,59.87,5.73
12509,VSKP,VISHAKAPATNAM,93.0,18.47,22.93,52.87,5.73
12509,VZM,VIZIANAGRAM JN,105.0,10.19,28.66,55.41,5.73
12509,CHE,SRIKAKULAM ROAD,110.0,5.73,31.21,56.69,6.37
12509,PSA,PALASA,104.0,15.92,22.93,54.78,6.37
12509,BAM,BRAHMAPUR,104.0,15.92,24.2,53.5,6.37
12509,BALU,BALUGAN,115.0,6.37,26.75,60.51,6.37
12509,KUR,KHURDA ROAD JN,126.0,3.82,25.48,64.33,6.37
12509,BBS,BHUBANESWAR,130.0,3.82,24.84,64.97,6.37
12509,CTC,CUTTACK,131.0,2.55,21.02,66.24,10.19
12509,JJKR,JAJPUR K ROAD,149.0,1.27,12.74,75.8,10.19
12509,BHC,BHADRAKH,126.0,5.73,21.66,62.42,10.19
12509,BLS,BALASORE,139.0,3.82,19.11,66.88,10.19
12509,KGP,KHARAGPUR JN,148.0,2.55,17.2,70.7,9.55
12509,DKAE,DANKUNI,155.0,6.37,9.55,73.25,10.83
12509,BHP,BOLPUR S NIKTN,189.0,3.18,6.37,79.62,10.83
12509,RPH,RAMPUR HAT,201.0,3.82,5.73,79.62,10.83
12509,NFK,NEW FARAKKA JN,201.0,2.55,6.37,85.35,5.73
12509,MLDT,MALDA TOWN,186.0,4.46,10.83,78.98,5.73
12509,BOE,BARSOI JN,225.0,0.0,6.37,87.9,5.73
12509,KNE,KISHANGANJ,244.0,0.0,5.1,89.17,5.73
12509,NJP,NEW JALPAIGURI,230.0,1.91,5.1,87.26,5.73
12509,JPE,JALPAIGURI ROAD,233.0,2.55,3.82,87.9,5.73
12509,DQG,DHUPGURI,240.0,1.91,3.18,89.17,5.73
12509,NCB,NEW COOCH BEHAR,247.0,1.91,2.55,89.81,5.73
12509,NOQ,NEW ALIPURDAUR,250.0,1.91,1.91,90.45,5.73
12509,KOJ,KOKRAJHAR,270.0,1.27,1.27,91.72,5.73
12509,NBQ,NEW BONGAIGAON,255.0,1.91,3.82,88.54,5.73
12509,BPRD,BARPETA ROAD,295.0,1.27,1.91,89.81,7.01
12509,RNY,RANGIYA JN,329.0,0.64,2.55,89.81,7.01
12509,KYQ,KAMAKHYA,326.0,1.91,4.46,87.9,5.73
12509,GHY,GUWAHATI,311.0,3.82,5.1,85.35,5.73
12510,GHY,GUWAHATI,26.0,80.13,3.21,10.9,5.77
12510,KYQ,KAMAKHYA,30.0,76.28,5.13,12.82,5.77
12510,RNY,RANGIYA JN,49.0,34.62,41.03,15.38,8.97
12510,BPRD,BARPETA ROAD,83.0,8.97,43.59,38.46,8.97
12510,BNGN,BONGAIGAON,74.0,0.64,1.92,0.64,96.79
12510,NBQ,NEW BONGAIGAON,55.0,40.38,30.13,20.51,8.97
12510,KOJ,KOKRAJHAR,63.0,32.69,37.18,24.36,5.77
12510,NOQ,NEW ALIPURDAUR,80.0,5.77,54.49,33.97,5.77
12510,NCB,NEW COOCH BEHAR,90.0,2.56,47.44,44.23,5.77
12510,DQG,DHUPGURI,93.0,3.85,44.87,45.51,5.77
12510,JPE,JALPAIGURI ROAD,87.0,7.69,46.79,39.74,5.77
12510,NJP,NEW JALPAIGURI,67.0,32.69,35.9,25.64,5.77
12510,KNE,KISHANGANJ,96.0,5.13,42.95,45.51,6.41
12510,BOE,BARSOI JN,95.0,1.92,51.28,40.38,6.41
12510,MLDT,MALDA TOWN,71.0,44.87,16.67,32.05,6.41
12510,NFK,NEW FARAKKA JN,81.0,35.26,20.51,37.82,6.41
12510,RPH,RAMPUR HAT,73.0,32.69,23.72,29.49,14.1
12510,BHP,BOLPUR S NIKTN,90.0,8.97,36.54,40.38,14.1
12510,DKAE,DANKUNI,118.0,0.0,28.85,55.77,15.38
12510,KGP,KHARAGPUR JN,127.0,6.41,29.49,55.77,8.33
12510,BLS,BALASORE,136.0,7.69,23.72,60.26,8.33
12510,BHC,BHADRAKH,150.0,5.77,19.23,66.67,8.33
12510,JJKR,JAJPUR K ROAD,157.0,2.56,17.31,71.79,8.33
12510,CTC,CUTTACK,175.0,1.28,16.03,74.36,8.33
12510,BBS,BHUBANESWAR,178.0,2.56,14.1,75.0,8.33
12510,KUR,KHURDA ROAD JN,180.0,4.49,12.18,75.0,8.33
12510,BALU,BALUGAN,200.0,1.28,10.26,80.13,8.33
12510,BAM,BRAHMAPUR,205.0,1.92,8.97,80.77,8.33
12510,PSA,PALASA,191.0,4.49,11.54,75.64,8.33
12510,CHE,SRIKAKULAM ROAD,201.0,2.56,8.33,80.77,8.33
12510,VZM,VIZIANAGRAM JN,204.0,1.92,10.26,79.49,8.33
12510,VSKP,VISHAKAPATNAM,210.0,2.56,12.18,76.92,8.33
12510,RJY,RAJAMUNDRY,248.0,0.0,5.77,85.9,8.33
12510,BZA,VIJAYAWADA JN,255.0,0.64,5.77,85.26,8.33
12510,PER,PERAMBUR,281.0,1.92,5.13,83.97,8.97
12510,AJJ,ARAKKONAM,286.0,1.28,5.77,83.97,8.97
12510,KPD,KATPADI JN,280.0,2.56,5.13,83.97,8.33
12510,JTJ,JOLARPETTAI,286.0,3.21,4.49,83.97,8.33
12510,BWT,BANGARAPET,301.0,3.21,3.85,84.62,8.33
12510,KJM,KRISHNARAJAPURM,296.0,3.21,5.13,83.33,8.33
12510,SMVB,SMVT BENGALURU,282.0,5.13,5.13,81.41,8.33
12515,CBE,COIMBATORE JN,7.0,90.38,3.85,1.92,3.85
12515,TUP,TIRUPPUR,20.0,57.69,36.54,1.92,3.85
12515,ED,ERODE JN,25.0,38.46,55.77,1.92,3.85
12515,SA,SALEM JN,33.0,34.62,57.69,3.85,3.85
12515,JTJ,JOLARPETTAI,31.0,55.77,28.85,11.54,3.85
12515,KPD,KATPADI JN,38.0,51.92,30.77,13.46,3.85
12515,AJJ,ARAKKONAM,44.0,42.31,32.69,19.23,5.77
12515,PER,PERAMBUR,48.0,34.62,40.38,19.23,5.77
12515,OGL,ONGOLE,63.0,30.77,46.15,17.31,5.77
12515,BZA,VIJAYAWADA JN,60.0,34.62,40.38,21.15,3.85
12515,RJY,RAJAMUNDRY,83.0,21.15,38.46,36.54,3.85
12515,VSKP,VISHAKAPATNAM,77.0,42.31,28.85,25.0,3.85
12515,VZM,VIZIANAGRAM JN,87.0,25.0,34.62,36.54,3.85
12515,CHE,SRIKAKULAM ROAD,92.0,17.31,42.31,36.54,3.85
12515,PSA,PALASA,81.0,36.54,30.77,28.85,3.85
12515,BAM,BRAHMAPUR,82.0,34.62,30.77,30.77,3.85
12515,BALU,BALUGAN,92.0,25.0,38.46,32.69,3.85
12515,KUR,KHURDA ROAD JN,104.0,15.38,40.38,40.38,3.85
12515,BBS,BHUBANESWAR,105.0,9.62,46.15,40.38,3.85
12515,CTC,CUTTACK,113.0,5.77,46.15,44.23,3.85
12515,JJKR,JAJPUR K ROAD,130.0,3.85,34.62,57.69,3.85
12515,BHC,BHADRAKH,108.0,19.23,36.54,40.38,3.85
12515,BLS,BALASORE,119.0,11.54,34.62,50.0,3.85
12515,KGP,KHARAGPUR JN,128.0,13.46,32.69,50.0,3.85
12515,DKAE,DANKUNI,145.0,5.77,26.92,55.77,11.54
12515,BHP,BOLPUR S NIKTN,165.0,5.77,17.31,65.38,11.54
12515,RPH,RAMPUR HAT,177.0,5.77,15.38,67.31,11.54
12515,NFK,NEW FARAKKA JN,172.0,11.54,17.31,67.31,3.85
12515,MLDT,MALDA TOWN,158.0,19.23,17.31,59.62,3.85
12515,KNE,KISHANGANJ,202.0,1.92,21.15,73.08,3.85
12515,NJP,NEW JALPAIGURI,190.0,11.54,17.31,67.31,3.85
12515,DQG,DHUPGURI,191.0,7.69,21.15,67.31,3.85
12515,NCB,NEW COOCH BEHAR,198.0,5.77,23.08,67.31,3.85
12515,NOQ,NEW ALIPURDAUR,200.0,5.77,21.15,69.23,3.85
12515,KOJ,KOKRAJHAR,217.0,3.85,17.31,75.0,3.85
12515,NBQ,NEW BONGAIGAON,196.0,11.54,15.38,69.23,3.85
12515,BPRD,BARPETA ROAD,217.0,1.92,17.31,76.92,3.85
12515,RNY,RANGIYA JN,247.0,3.85,11.54,80.77,3.85
12515,KYQ,KAMAKHYA,243.0,7.69,13.46,75.0,3.85
12515,GHY,GUWAHATI,276.0,1.92,9.62,84.62,3.85
12515,HJI,HOJAI,317.0,0.0,3.85,92.31,3.85
12515,LMG,LUMDING JN,324.0,0.0,3.85,88.46,7.69
12515,MBG,MAIBANG,338.0,0.0,0.0,96.15,3.85
12515,NHLG,NEW HAFLONG,342.0,0.0,0.0,96.15,3.85
12515,BPB,BADARPUR JN,311.0,0.0,5.77,90.38,3.85
12515,SCL,SILCHAR,291.0,3.85,9.62,82.69,3.85
12516,SCL,SILCHAR,2.0,88.46,7.69,0.0,3.85
12516,BPB,BADARPUR JN,20.0,53.85,38.46,3.85,3.85
12516,NHLG,NEW HAFLONG,20.0,57.69,32.69,5.77,3.85
12516,MBG,MAIBANG,45.0,32.69,34.62,28.85,3.85
12516,LMG,LUMDING JN,25.0,48.08,38.46,9.62,3.85
12516,HJI,HOJAI,29.0,44.23,42.31,9.62,3.85
12516,GHY,GUWAHATI,55.0,34.62,26.92,34.62,3.85
12516,KYQ,KAMAKHYA,62.0,28.85,28.85,38.46,3.85
12516,RNY,RANGIYA JN,86.0,11.54,30.77,53.85,3.85
12516,BPRD,BARPETA ROAD,100.0,7.69,26.92,61.54,3.85
12516,BNGN,BONGAIGAON,64.0,1.92,0.0,1.92,96.15
12516,NBQ,NEW BONGAIGAON,69.0,23.08,36.54,32.69,7.69
12516,KOJ,KOKRAJHAR,75.0,11.54,44.23,40.38,3.85
12516,NOQ,NEW ALIPURDAUR,94.0,7.69,34.62,53.85,3.85
12516,NCB,NEW COOCH BEHAR,101.0,1.92,32.69,61.54,3.85
12516,DQG,DHUPGURI,102.0,0.0,34.62,59.62,5.77
12516,NJP,NEW JALPAIGURI,74.0,30.77,26.92,38.46,3.85
12516,KNE,KISHANGANJ,98.0,9.62,42.31,44.23,3.85
12516,MLDT,MALDA TOWN,75.0,53.85,1.92,40.38,3.85
12516,NFK,NEW FARAKKA JN,83.0,48.08,7.69,40.38,3.85
12516,RPH,RAMPUR HAT,91.0,34.62,15.38,40.38,9.62
12516,BHP,BOLPUR S NIKTN,114.0,15.38,23.08,51.92,9.62
12516,DKAE,DANKUNI,146.0,0.0,25.0,61.54,13.46
12516,KGP,KHARAGPUR JN,149.0,5.77,23.08,67.31,3.85
12516,BLS,BALASORE,158.0,7.69,19.23,69.23,3.85
12516,BHC,BHADRAKH,181.0,5.77,15.38,75.0,3.85
12516,JJKR,JAJPUR K ROAD,190.0,3.85,13.46,78.85,3.85
12516,CTC,CUTTACK,207.0,5.77,7.69,82.69,3.85
12516,BBS,BHUBANESWAR,216.0,5.77,5.77,84.62,3.85
12516,KUR,KHURDA ROAD JN,224.0,7.69,9.62,78.85,3.85
12516,BALU,BALUGAN,258.0,0.0,13.46,82.69,3.85
12516,BAM,BRAHMAPUR,263.0,5.77,9.62,80.77,3.85
12516,PSA,PALASA,245.0,9.62,7.69,78.85,3.85
12516,CHE,SRIKAKULAM ROAD,255.0,7.69,7.69,80.77,3.85
12516,VZM,VIZIANAGRAM JN,255.0,5.77,7.69,82.69,3.85
12516,VSKP,VISHAKAPATNAM,261.0,7.69,7.69,80.77,3.85
12516,RJY,RAJAMUNDRY,295.0,0.0,11.54,84.62,3.85
12516,BZA,VIJAYAWADA JN,308.0,0.0,3.85,92.31,3.85
12516,PER,PERAMBUR,328.0,1.92,5.77,88.46,3.85
12516,AJJ,ARAKKONAM,335.0,3.85,3.85,88.46,3.85
12516,KPD,KATPADI JN,334.0,3.85,7.69,84.62,3.85
12516,JTJ,JOLARPETTAI,336.0,3.85,9.62,82.69,3.85
12516,SA,SALEM JN,352.0,1.92,7.69,86.54,3.85
12516,ED,ERODE JN,356.0,3.85,7.69,84.62,3.85
12516,TUP,TIRUPPUR,363.0,1.92,9.62,84.62,3.85
12516,CBE,COIMBATORE JN,327.0,11.54,0.0,84.62,3.85
12519,LTT,LOKMANYATILAK T,11.0,86.54,5.77,7.69,0.0
12519,TNA,THANE,16.0,80.77,11.54,7.69,0.0
12519,KYN,KALYAN JN,20.0,73.08,19.23,7.69,0.0
12519,NK,NASIK ROAD,26.0,73.08,15.38,11.54,0.0
12519,MMR,MANMAD JN,33.0,55.77,32.69,11.54,0.0
12519,JL,JALGAON JN,45.0,15.38,67.31,17.31,0.0
12519,BSL,BHUSAVAL JN,42.0,26.92,59.62,13.46,0.0
12519,KNW,KHANDWA,33.0,61.54,17.31,21.15,0.0
12519,ET,ITARSI JN,42.0,57.69,21.15,21.15,0.0
12519,JBP,JABALPUR,50.0,40.38,32.69,26.92,0.0
12519,KTE,KATNI,61.0,25.0,42.31,32.69,0.0
12519,STA,SATNA,69.0,7.69,55.77,36.54,0.0
12519,PCOI,PRAYAGRAJ CHHEOKI,94.0,5.77,46.15,48.08,0.0
12519,MZP,MIRZAPUR,105.0,3.85,44.23,51.92,0.0
12519,DDU,PT DEEN DAYAL UPADHYAY JN,79.0,38.46,25.0,36.54,0.0
12519,DNR,DANAPUR,117.0,23.08,19.23,57.69,0.0
12519,PPTA,PATLIPUTRA,112.0,25.0,21.15,53.85,0.0
12519,HJP,HAJIPUR JN,106.0,34.62,11.54,53.85,0.0
12519,BJU,BARAUNI JN,129.0,11.54,7.69,30.77,50.0
12519,BGS,BEGU SARAI,130.0,21.15,15.38,63.46,0.0
12519,KGG,KHAGARIA JN,135.0,21.15,15.38,63.46,0.0
12519,NNA,NAUGACHIA,144.0,11.54,19.23,69.23,0.0
12519,KIR,KATIHAR JN,125.0,23.08,21.15,55.77,0.0
12519,KNE,KISHANGANJ,157.0,1.92,26.92,71.15,0.0
12519,NJP,NEW JALPAIGURI,143.0,11.54,30.77,57.69,0.0
12519,NCB,NEW COOCH BEHAR,152.0,9.62,32.69,57.69,0.0
12519,NBQ,NEW BONGAIGAON,145.0,17.31,21.15,61.54,0.0
12519,RNY,RANGIYA JN,188.0,5.77,15.38,78.85,0.0
12519,KYQ,KAMAKHYA,168.0,21.15,17.31,61.54,0.0
12519,GHY,GUWAHATI,279.0,0.0,0.0,36.54,63.46
12519,CPK,CHAPARMUKH JN,316.0,0.0,0.0,36.54,63.46
12519,HJI,HOJAI,309.0,0.0,0.0,34.62,65.38
12519,MYD,MANDERDISA,329.0,0.0,0.0,34.62,65.38
12519,NHLG,NEW HAFLONG,344.0,0.0,0.0,34.62,65.38
12519,BPB,BADARPUR JN,313.0,0.0,1.92,34.62,63.46
12519,DMR,DHARMANAGAR,285.0,0.0,1.92,34.62,63.46
12519,ABSA,AMBASA,275.0,0.0,3.85,32.69,63.46
12519,AGTL,AGARTALA,237.0,3.85,1.92,30.77,63.46
12520,AGTL,AGARTALA,14.0,30.19,3.77,1.89,64.15
12520,ABSA,AMBASA,27.0,15.09,18.87,1.89,64.15
12520,DMR,DHARMANAGAR,28.0,16.98,15.09,3.77,64.15
12520,BPB,BADARPUR JN,41.0,15.09,15.09,5.66,64.15
12520,NHLG,NEW HAFLONG,36.0,13.21,16.98,5.66,64.15
12520,MYD,MANDERDISA,26.0,20.75,11.32,3.77,64.15
12520,HJI,HOJAI,43.0,11.32,18.87,5.66,64.15
12520,CPK,CHAPARMUKH JN,80.0,0.0,15.09,20.75,64.15
12520,GHY,GUWAHATI,85.0,3.77,11.32,20.75,64.15
12520,KYQ,KAMAKHYA,48.0,49.06,18.87,32.08,0.0
12520,RNY,RANGIYA JN,67.0,33.96,28.3,37.74,0.0
12520,BNGN,BONGAIGAON,138.0,0.0,1.89,1.89,96.23
12520,NBQ,NEW BONGAIGAON,66.0,30.19,26.42,39.62,3.77
12520,NCB,NEW COOCH BEHAR,92.0,13.21,37.74,49.06,0.0
12520,NJP,NEW JALPAIGURI,84.0,33.96,22.64,43.4,0.0
12520,KNE,KISHANGANJ,99.0,15.09,37.74,47.17,0.0
12520,KIR,KATIHAR JN,99.0,22.64,30.19,47.17,0.0
12520,NNA,NAUGACHIA,101.0,24.53,30.19,45.28,0.0
12520,KGG,KHAGARIA JN,110.0,15.09,41.51,43.4,0.0
12520,BGS,BEGU SARAI,117.0,13.21,39.62,47.17,0.0
12520,BJU,BARAUNI JN,142.0,3.77,13.21,32.08,50.94
12520,HJP,HAJIPUR JN,103.0,28.3,26.42,45.28,0.0
12520,PPTA,PATLIPUTRA,92.0,39.62,20.75,39.62,0.0
12520,DNR,DANAPUR,103.0,24.53,32.08,43.4,0.0
12520,DDU,PT DEEN DAYAL UPADHYAY JN,84.0,50.94,13.21,35.85,0.0
12520,MZP,MIRZAPUR,103.0,30.19,22.64,47.17,0.0
12520,PCOI,PRAYAGRAJ CHHEOKI,121.0,16.98,22.64,60.38,0.0
12520,STA,SATNA,176.0,3.77,22.64,73.58,0.0
12520,KTE,KATNI,193.0,1.89,13.21,84.91,0.0
12520,JBP,JABALPUR,205.0,0.0,9.43,90.57,0.0
12520,ET,ITARSI JN,188.0,5.66,13.21,81.13,0.0
12520,KNW,KHANDWA,191.0,9.43,13.21,77.36,0.0
12520,BSL,BHUSAVAL JN,200.0,9.43,13.21,77.36,0.0
12520,JL,JALGAON JN,197.0,11.32,15.09,73.58,0.0
12520,MMR,MANMAD JN,222.0,7.55,13.21,79.25,0.0
12520,NK,NASIK ROAD,231.0,5.66,15.09,79.25,0.0
12520,KYN,KALYAN JN,253.0,0.0,16.98,83.02,0.0
12520,TNA,THANE,207.0,15.09,15.09,69.81,0.0
12520,LTT,LOKMANYATILAK T,222.0,9.43,9.43,56.6,24.53
13181,KOAA,KOLKATA,1.0,94.23,0.0,0.0,5.77
13181,BWN,BARDDHAMAN JN,15.0,51.92,32.69,1.92,13.46
13181,BHP,BOLPUR S NIKTN,18.0,40.38,46.15,0.0,13.46
13181,RPH,RAMPUR HAT,32.0,13.46,69.23,3.85,13.46
13181,MLDT,MALDA TOWN,33.0,51.92,19.23,23.08,5.77
13181,NJP,NEW JALPAIGURI,46.0,38.46,25.0,30.77,5.77
13181,NCB,NEW COOCH BEHAR,75.0,3.85,42.31,48.08,5.77
13181,NOQ,NEW ALIPURDAUR,67.0,11.54,40.38,42.31,5.77
13181,FKM,FAKIRAGRAM JN,68.0,11.54,40.38,42.31,5.77
13181,NBQ,NEW BONGAIGAON,44.0,36.54,30.77,26.92,5.77
13181,KYQ,KAMAKHYA,72.0,25.0,25.0,44.23,5.77
13181,GHY,GUWAHATI,79.0,13.46,36.54,44.23,5.77
13181,JID,JAGI ROAD,83.0,9.62,38.46,46.15,5.77
13181,CPK,CHAPARMUKH JN,90.0,9.62,28.85,55.77,5.77
13181,NGAN,NAGAON,84.0,17.31,19.23,57.69,5.77
13181,JKB,JAKHALABANDHA,83.0,21.15,15.38,57.69,5.77
13181,SHTT,SILGHAT TOWN,69.0,36.54,13.46,44.23,5.77
13182,SHTT,SILGHAT TOWN,3.0,86.54,7.69,0.0,5.77
13182,JKB,JAKHALABANDHA,3.0,86.54,7.69,0.0,5.77
13182,NGAN,NAGAON,4.0,84.62,9.62,0.0,5.77
13182,CPK,CHAPARMUKH JN,10.0,75.0,17.31,1.92,5.77
13182,JID,JAGI ROAD,13.0,69.23,23.08,1.92,5.77
13182,GHY,GUWAHATI,17.0,67.31,23.08,3.85,5.77
13182,KYQ,KAMAKHYA,20.0,65.38,17.31,11.54,5.77
13182,NBQ,NEW BONGAIGAON,27.0,65.38,11.54,17.31,5.77
13182,FKM,FAKIRAGRAM JN,39.0,46.15,25.0,23.08,5.77
13182,NOQ,NEW ALIPURDAUR,47.0,23.08,44.23,26.92,5.77
13182,NCB,NEW COOCH BEHAR,71.0,5.77,51.92,36.54,5.77
13182,NJP,NEW JALPAIGURI,37.0,53.85,19.23,21.15,5.77
13182,MLDT,MALDA TOWN,29.0,59.62,15.38,19.23,5.77
13182,RPH,RAMPUR HAT,60.0,23.08,36.54,28.85,11.54
13182,BHP,BOLPUR S NIKTN,72.0,11.54,42.31,34.62,11.54
13182,BWN,BARDDHAMAN JN,68.0,23.08,28.85,36.54,11.54
13182,KOAA,KOLKATA,56.0,36.54,19.23,38.46,5.77
14037,SCL,SILCHAR,2.0,98.08,0.0,1.92,0.0
14037,BPB,BADARPUR JN,22.0,46.15,48.08,5.77,0.0
14037,NHLG,NEW HAFLONG,17.0,57.69,40.38,1.92,0.0
14037,LMG,LUMDING JN,19.0,57.69,36.54,5.77,0.0
14037,GHY,GUWAHATI,2.0,100.0,0.0,0.0,0.0
14037,GLPT,GOALPARA TOWN,32.0,19.23,67.31,11.54,1.92
14037,NBQ,NEW BONGAIGAON,18.0,63.46,28.85,7.69,0.0
14037,NJP,NEW JALPAIGURI,30.0,38.46,50.0,11.54,0.0
14037,KIR,KATIHAR JN,23.0,61.54,17.31,21.15,0.0
14037,BJU,BARAUNI JN,46.0,11.54,21.15,17.31,50.0
14037,PPTA,PATLIPUTRA,40.0,46.15,26.92,26.92,0.0
14037,DDU,PT DEEN DAYAL UPADHYAY JN,40.0,53.85,23.08,23.08,0.0
14037,PRYJ,PRAYAGRAJ JN,84.0,23.08,30.77,46.15,0.0
14037,CNB,KANPUR CENTRAL,109.0,11.54,32.69,55.77,0.0
14037,NDLS,NEW DELHI,139.0,36.54,9.62,53.85,0.0
14038,NDLS,NEW DELHI,31.0,64.15,16.98,18.87,0.0
14038,CNB,KANPUR CENTRAL,97.0,16.98,39.62,43.4,0.0
14038,PRYJ,PRAYAGRAJ JN,124.0,3.77,33.96,60.38,1.89
14038,DDU,PT DEEN DAYAL UPADHYAY JN,137.0,24.53,16.98,56.6,1.89
14038,PPTA,PATLIPUTRA,165.0,24.53,9.43,64.15,1.89
14038,BJU,BARAUNI JN,249.0,3.77,11.32,33.96,50.94
14038,KIR,KATIHAR JN,198.0,16.98,20.75,62.26,0.0
14038,NJP,NEW JALPAIGURI,215.0,15.09,15.09,69.81,0.0
14038,NBQ,NEW BONGAIGAON,229.0,11.32,16.98,71.7,0.0
14038,GLPT,GOALPARA TOWN,242.0,5.66,20.75,73.58,0.0
14038,GHY,GUWAHATI,237.0,3.77,26.42,69.81,0.0
14038,LMG,LUMDING JN,286.0,1.89,13.21,84.91,0.0
14038,NHLG,NEW HAFLONG,269.0,3.77,15.09,81.13,0.0
14038,BPB,BADARPUR JN,259.0,11.32,5.66,83.02,0.0
14038,SCL,SILCHAR,181.0,37.74,7.55,54.72,0.0
14619,AGTL,AGARTALA,41.0,81.13,7.55,11.32,0.0
14619,ABSA,AMBASA,57.0,50.94,33.96,15.09,0.0
14619,DMR,DHARMANAGAR,52.0,62.26,24.53,13.21,0.0
14619,PTKD,PATHARKANDI,53.0,62.26,24.53,13.21,0.0
14619,NKMG,NEW KARIMGANJ,51.0,62.26,24.53,13.21,0.0
14619,BPB,BADARPUR JN,56.0,56.6,28.3,15.09,0.0
14619,NHLG,NEW HAFLONG,56.0,45.28,37.74,16.98,0.0
14619,LMG,LUMDING JN,66.0,41.51,35.85,22.64,0.0
14619,HJI,HOJAI,65.0,41.51,41.51,16.98,0.0
14619,JID,JAGI ROAD,70.0,26.42,52.83,20.75,0.0
14619,GHY,GUWAHATI,44.0,86.79,0.0,13.21,0.0
14619,NBQ,NEW BONGAIGAON,56.0,62.26,18.87,18.87,0.0
14619,NJP,NEW JALPAIGURI,82.0,24.53,49.06,26.42,0.0
14619,KIR,KATIHAR JN,69.0,56.6,20.75,22.64,0.0
14619,BJU,BARAUNI JN,92.0,11.32,62.26,26.42,0.0
14619,PPTA,PATLIPUTRA,81.0,52.83,22.64,24.53,0.0
14619,DDU,PT DEEN DAYAL UPADHYAY JN,92.0,54.72,15.09,30.19,0.0
14619,PRYJ,PRAYAGRAJ JN,145.0,7.55,39.62,52.83,0.0
14619,CNB,KANPUR CENTRAL,186.0,3.77,15.09,81.13,0.0
14619,NDLS,NEW DELHI,262.0,7.55,3.77,88.68,0.0
14619,SSB,SHAKURBASTI,295.0,0.0,11.32,88.68,0.0
14619,ROK,ROHTAK JN,305.0,1.89,5.66,92.45,0.0
14619,BNW,BHIWANI,319.0,0.0,5.66,94.34,0.0
14619,HSR,HISAR,325.0,0.0,5.66,94.34,0.0
14619,ADR,MANDI ADAMPUR,328.0,0.0,5.66,94.34,0.0
14619,SSA,SIRSA,311.0,0.0,7.55,92.45,0.0
14619,KNL,KALANWALI,320.0,0.0,5.66,94.34,0.0
14619,BTI,BHATINDA JN,263.0,5.66,9.43,84.91,0.0
14619,KKP,KOT KAPURA,286.0,1.89,7.55,90.57,0.0
14619,FDK,FARIDKOT,289.0,1.89,7.55,90.57,0.0
14619,FZR,FIROZPUR CANT,265.0,5.66,9.43,84.91,0.0
14620,FZR,FIROZPUR CANT,6.0,90.38,7.69,1.92,0.0
14620,FDK,FARIDKOT,15.0,76.92,21.15,1.92,0.0
14620,KKP,KOT KAPURA,17.0,75.0,23.08,1.92,0.0
14620,BTI,BHATINDA JN,4.0,96.15,1.92,1.92,0.0
14620,KNL,KALANWALI,21.0,42.31,55.77,1.92,0.0
14620,SSA,SIRSA,7.0,88.46,9.62,1.92,0.0
14620,ADR,MANDI ADAMPUR,20.0,42.31,55.77,1.92,0.0
14620,HSR,HISAR,11.0,80.77,15.38,3.85,0.0
14620,BNW,BHIWANI,15.0,73.08,23.08,3.85,0.0
14620,ROK,ROHTAK JN,10.0,92.31,3.85,3.85,0.0
14620,SSB,SHAKURBASTI,19.0,63.46,30.77,5.77,0.0
14620,NDLS,NEW DELHI,16.0,75.0,17.31,7.69,0.0
14620,CNB,KANPUR CENTRAL,123.0,5.77,26.92,67.31,0.0
14620,PRYJ,PRAYAGRAJ JN,159.0,0.0,17.31,82.69,0.0
14620,DDU,PT DEEN DAYAL UPADHYAY JN,171.0,7.69,17.31,75.0,0.0
14620,PPTA,PATLIPUTRA,202.0,5.77,7.69,86.54,0.0
14620,BJU,BARAUNI JN,235.0,1.92,7.69,90.38,0.0
14620,KIR,KATIHAR JN,229.0,5.77,3.85,88.46,1.92
14620,NJP,NEW JALPAIGURI,251.0,1.92,9.62,86.54,1.92
14620,NBQ,NEW BONGAIGAON,262.0,1.92,7.69,90.38,0.0
14620,GHY,GUWAHATI,276.0,1.92,7.69,90.38,0.0
14620,JID,JAGI ROAD,292.0,1.92,7.69,90.38,0.0
14620,HJI,HOJAI,311.0,1.92,3.85,94.23,0.0
14620,LMG,LUMDING JN,336.0,0.0,3.85,96.15,0.0
14620,NHLG,NEW HAFLONG,322.0,1.92,1.92,96.15,0.0
14620,BPB,BADARPUR JN,305.0,0.0,7.69,92.31,0.0
14620,NKMG,NEW KARIMGANJ,299.0,0.0,9.62,90.38,0.0
14620,PTKD,PATHARKANDI,295.0,0.0,9.62,90.38,0.0
14620,DMR,DHARMANAGAR,302.0,0.0,7.69,92.31,0.0
14620,ABSA,AMBASA,285.0,3.85,7.69,88.46,0.0
14620,AGTL,AGARTALA,230.0,13.46,7.69,78.85,0.0
15629,TBM,TAMBARAM,11.0,67.31,25.0,0.0,7.69
15629,MS,CHENNAI EGMORE,15.0,63.46,25.0,3.85,7.69
15629,NLR,NELLORE,20.0,40.38,50.0,1.92,7.69
15629,OGL,ONGOLE,33.0,19.23,65.38,7.69,7.69
15629,BZA,VIJAYAWADA JN,51.0,3.85,59.62,28.85,7.69
15629,EE,ELURU,63.0,1.92,38.46,51.92,7.69
15629,RJY,RAJAMUNDRY,93.0,0.0,13.46,78.85,7.69
15629,VSKP,VISHAKAPATNAM,37.0,30.77,46.15,15.38,7.69
15629,BAM,BRAHMAPUR,25.0,46.15,38.46,7.69,7.69
15629,KUR,KHURDA ROAD JN,34.0,28.85,53.85,9.62,7.69
15629,BBS,BHUBANESWAR,47.0,19.23,48.08,25.0,7.69
15629,CTC,CUTTACK,48.0,21.15,46.15,25.0,7.69
15629,BLS,BALASORE,54.0,30.77,34.62,26.92,7.69
15629,HIJ,HIJILLI,56.0,26.92,42.31,23.08,7.69
15629,TATA,TATANAGAR JN,77.0,3.85,44.23,44.23,7.69
15629,PRR,PURULIA JN,109.0,0.0,26.92,65.38,7.69
15629,JOC,JOYCHANDI PAHAR,110.0,1.92,25.0,65.38,7.69
15629,ASN,ASANSOL JN,112.0,3.85,21.15,67.31,7.69
15629,UDL,ANDAL JN,115.0,3.85,21.15,67.31,7.69
15629,DGR,DURGAPUR,125.0,3.85,15.38,73.08,7.69
15629,SURI,SIURI,172.0,0.0,5.77,86.54,7.69
15629,RPH,RAMPUR HAT,160.0,0.0,11.54,80.77,7.69
15629,PKR,PAKUR,187.0,0.0,1.92,90.38,7.69
15629,NFK,NEW FARAKKA JN,194.0,0.0,7.69,84.62,7.69
15629,MLDT,MALDA TOWN,189.0,0.0,9.62,82.69,7.69
15629,BOE,BARSOI JN,211.0,0.0,1.92,90.38,7.69
15629,KNE,KISHANGANJ,226.0,0.0,0.0,92.31,7.69
15629,NJP,NEW JALPAIGURI,202.0,0.0,7.69,84.62,7.69
15629,NMX,NEW MAYNAGURI,193.0,0.0,17.31,75.0,7.69
15629,DQG,DHUPGURI,198.0,0.0,17.31,75.0,7.69
15629,NCB,NEW COOCH BEHAR,201.0,0.0,13.46,78.85,7.69
15629,NOQ,NEW ALIPURDAUR,201.0,0.0,13.46,78.85,7.69
15629,FKM,FAKIRAGRAM JN,214.0,0.0,11.54,80.77,7.69
15629,KOJ,KOKRAJHAR,218.0,0.0,9.62,82.69,7.69
15629,NBQ,NEW BONGAIGAON,201.0,1.92,11.54,78.85,7.69
15629,RNY,RANGIYA JN,225.0,0.0,7.69,84.62,7.69
15629,KYQ,KAMAKHYA,198.0,3.85,9.62,78.85,7.69
15629,GHY,GUWAHATI,212.0,0.0,7.69,84.62,7.69
15629,JID,JAGI ROAD,213.0,1.92,5.77,84.62,7.69
15629,CPK,CHAPARMUKH JN,212.0,3.85,9.62,78.85,7.69
15629,NGAN,NAGAON,207.0,1.92,11.54,78.85,7.69
15629,JKB,JAKHALABANDHA,201.0,3.85,11.54,76.92,7.69
15629,SHTT,SILGHAT TOWN,184.0,13.46,5.77,73.08,7.69
15630,SHTT,SILGHAT TOWN,66.0,38.46,19.23,34.62,7.69
15630,JKB,JAKHALABANDHA,65.0,38.46,19.23,34.62,7.69
15630,NGAN,NAGAON,67.0,36.54,21.15,34.62,7.69
15630,CPK,CHAPARMUKH JN,79.0,25.0,26.92,40.38,7.69
15630,JID,JAGI ROAD,88.0,13.46,36.54,42.31,7.69
15630,GHY,GUWAHATI,78.0,23.08,26.92,42.31,7.69
15630,KYQ,KAMAKHYA,84.0,19.23,28.85,44.23,7.69
15630,RNY,RANGIYA JN,112.0,13.46,21.15,55.77,9.62
15630,BNGN,BONGAIGAON,231.0,0.0,0.0,1.92,98.08
15630,NBQ,NEW BONGAIGAON,104.0,21.15,21.15,48.08,9.62
15630,KOJ,KOKRAJHAR,115.0,13.46,23.08,55.77,7.69
15630,FKM,FAKIRAGRAM JN,119.0,11.54,25.0,55.77,7.69
15630,NOQ,NEW ALIPURDAUR,130.0,1.92,25.0,65.38,7.69
15630,NCB,NEW COOCH BEHAR,133.0,1.92,26.92,63.46,7.69
15630,DQG,DHUPGURI,137.0,0.0,32.69,59.62,7.69
15630,NMX,NEW MAYNAGURI,138.0,0.0,30.77,61.54,7.69
15630,NJP,NEW JALPAIGURI,102.0,26.92,15.38,50.0,7.69
15630,KNE,KISHANGANJ,115.0,7.69,34.62,50.0,7.69
15630,BOE,BARSOI JN,127.0,3.85,34.62,53.85,7.69
15630,MLDT,MALDA TOWN,92.0,38.46,7.69,46.15,7.69
15630,NFK,NEW FARAKKA JN,95.0,36.54,9.62,46.15,7.69
15630,PKR,PAKUR,92.0,40.38,9.62,42.31,7.69
15630,RPH,RAMPUR HAT,102.0,34.62,9.62,48.08,7.69
15630,SURI,SIURI,104.0,32.69,9.62,50.0,7.69
15630,UDL,ANDAL JN,109.0,30.77,11.54,50.0,7.69
15630,DGR,DURGAPUR,126.0,9.62,32.69,50.0,7.69
15630,ASN,ASANSOL JN,114.0,30.77,13.46,48.08,7.69
15630,JOC,JOYCHANDI PAHAR,119.0,25.0,17.31,50.0,7.69
15630,PRR,PURULIA JN,121.0,19.23,21.15,50.0,9.62
15630,TATA,TATANAGAR JN,133.0,21.15,11.54,57.69,9.62
15630,HIJ,HIJILLI,129.0,17.31,13.46,57.69,11.54
15630,BLS,BALASORE,129.0,15.38,15.38,57.69,11.54
15630,CTC,CUTTACK,150.0,15.38,17.31,59.62,7.69
15630,BBS,BHUBANESWAR,158.0,15.38,13.46,63.46,7.69
15630,KUR,KHURDA ROAD JN,158.0,11.54,15.38,65.38,7.69
15630,BAM,BRAHMAPUR,181.0,1.92,17.31,73.08,7.69
15630,VSKP,VISHAKAPATNAM,136.0,19.23,13.46,59.62,7.69
15630,RJY,RAJAMUNDRY,171.0,11.54,19.23,61.54,7.69
15630,EE,ELURU,187.0,9.62,21.15,61.54,7.69
15630,BZA,VIJAYAWADA JN,170.0,23.08,11.54,57.69,7.69
15630,OGL,ONGOLE,197.0,5.77,13.46,73.08,7.69
15630,NLR,NELLORE,183.0,19.23,15.38,57.69,7.69
15630,MS,CHENNAI EGMORE,107.0,42.31,7.69,42.31,7.69
15630,TBM,TAMBARAM,97.0,44.23,9.62,38.46,7.69
15647,LTT,LOKMANYATILAK T,22.0,88.46,3.85,7.69,0.0
15647,KYN,KALYAN JN,37.0,42.31,48.08,9.62,0.0
15647,NK,NASIK ROAD,30.0,76.92,11.54,11.54,0.0
15647,MMR,MANMAD JN,37.0,67.31,19.23,13.46,0.0
15647,BSL,BHUSAVAL JN,48.0,48.08,34.62,17.31,0.0
15647,BAU,BURHANPUR,52.0,48.08,30.77,21.15,0.0
15647,KNW,KHANDWA,45.0,71.15,9.62,19.23,0.0
15647,HD,HARDA,52.0,59.62,17.31,23.08,0.0
15647,ET,ITARSI JN,51.0,67.31,9.62,23.08,0.0
15647,PPI,PIPARIYA,59.0,48.08,28.85,23.08,0.0
15647,JBP,JABALPUR,63.0,40.38,32.69,26.92,0.0
15647,KTE,KATNI,99.0,1.92,53.85,44.23,0.0
15647,MYR,MAIHAR,41.0,0.0,3.85,0.0,96.15
15647,STA,SATNA,112.0,0.0,50.0,50.0,0.0
15647,PCOI,PRAYAGRAJ CHHEOKI,130.0,7.69,42.31,50.0,0.0
15647,MZP,MIRZAPUR,140.0,3.85,40.38,55.77,0.0
15647,DDU,PT DEEN DAYAL UPADHYAY JN,122.0,28.85,21.15,50.0,0.0
15647,DLN,DILDARNAGAR JN,123.0,30.77,19.23,48.08,1.92
15647,BXR,BUXAR,121.0,30.77,23.08,44.23,1.92
15647,DURE,DUMRAON,126.0,28.85,21.15,48.08,1.92
15647,ARA,ARA,121.0,28.85,21.15,48.08,1.92
15647,DNR,DANAPUR,124.0,23.08,26.92,48.08,1.92
15647,PNBE,PATNA JN,101.0,38.46,21.15,40.38,0.0
15647,PNC,PATNA SAHEB,115.0,26.92,28.85,44.23,0.0
15647,FUT,FATUHA JN,126.0,25.0,25.0,50.0,0.0
15647,KOO,KHUSROPUR,129.0,21.15,26.92,51.92,0.0
15647,BKP,BAKHTIYARPUR JN,135.0,17.31,26.92,55.77,0.0
15647,BARH,BARH,145.0,5.77,30.77,63.46,0.0
15647,MKA,MOKAMEH JN,145.0,11.54,26.92,61.54,0.0
15647,HTZ,HATHIDAH JN,151.0,3.85,28.85,67.31,0.0
15647,BRYA,BARHIYA,155.0,3.85,25.0,71.15,0.0
15647,LKR,LUCKEESARAI JN,141.0,19.23,21.15,59.62,0.0
15647,KIUL,KIUL JN,101.0,44.23,9.62,46.15,0.0
15647,AHA,ABHAIPUR,112.0,38.46,1.92,40.38,19.23
15647,JMP,JAMALPUR JN,96.0,44.23,13.46,42.31,0.0
15647,BUP,BARIARPUR,101.0,34.62,21.15,44.23,0.0
15647,SGG,SULTANGANJ,100.0,36.54,19.23,44.23,0.0
15647,BGP,BHAGALPUR,90.0,44.23,17.31,38.46,0.0
15647,CLG,KAHALGAON,96.0,34.62,25.0,40.38,0.0
15647,SBG,SAHIBGANJ JN,91.0,40.38,17.31,42.31,0.0
15647,BHW,BARHARWA JN,84.0,42.31,26.92,30.77,0.0
15647,NFK,NEW FARAKKA JN,88.0,28.85,36.54,34.62,0.0
15647,MLDT,MALDA TOWN,84.0,44.23,19.23,36.54,0.0
15647,KNE,KISHANGANJ,119.0,11.54,40.38,48.08,0.0
15647,NJP,NEW JALPAIGURI,109.0,34.62,25.0,40.38,0.0
15647,DQG,DHUPGURI,111.0,32.69,25.0,42.31,0.0
15647,NCB,NEW COOCH BEHAR,112.0,32.69,25.0,42.31,0.0
15647,NOQ,NEW ALIPURDAUR,112.0,32.69,25.0,42.31,0.0
15647,NBQ,NEW BONGAIGAON,112.0,40.38,17.31,42.31,0.0
15647,BPRD,BARPETA ROAD,121.0,15.38,30.77,50.0,3.85
15647,RNY,RANGIYA JN,132.0,11.54,25.0,59.62,3.85
15647,KYQ,KAMAKHYA,126.0,25.0,32.69,42.31,0.0
15647,GHY,GUWAHATI,114.0,32.69,32.69,34.62,0.0
15648,GHY,GUWAHATI,47.0,67.31,9.62,23.08,0.0
15648,KYQ,KAMAKHYA,56.0,63.46,13.46,23.08,0.0
15648,RNY,RANGIYA JN,74.0,42.31,23.08,32.69,1.92
15648,BPRD,BARPETA ROAD,122.0,0.0,34.62,63.46,1.92
15648,BNGN,BONGAIGAON,30.0,0.0,3.85,0.0,96.15
15648,NBQ,NEW BONGAIGAON,74.0,46.15,19.23,30.77,3.85
15648,NOQ,NEW ALIPURDAUR,84.0,21.15,42.31,36.54,0.0
15648,NCB,NEW COOCH BEHAR,92.0,15.38,50.0,34.62,0.0
15648,DQG,DHUPGURI,95.0,15.38,46.15,38.46,0.0
15648,NJP,NEW JALPAIGURI,63.0,59.62,15.38,25.0,0.0
15648,KNE,KISHANGANJ,77.0,28.85,44.23,26.92,0.0
15648,MLDT,MALDA TOWN,58.0,67.31,7.69,25.0,0.0
15648,NFK,NEW FARAKKA JN,64.0,61.54,13.46,25.0,0.0
15648,BHW,BARHARWA JN,60.0,57.69,19.23,23.08,0.0
15648,SBG,SAHIBGANJ JN,62.0,55.77,21.15,23.08,0.0
15648,CLG,KAHALGAON,68.0,48.08,25.0,26.92,0.0
15648,BGP,BHAGALPUR,56.0,63.46,13.46,23.08,0.0
15648,SGG,SULTANGANJ,61.0,59.62,17.31,23.08,0.0
15648,BUP,BARIARPUR,59.0,61.54,15.38,23.08,0.0
15648,JMP,JAMALPUR JN,56.0,69.23,9.62,21.15,0.0
15648,AHA,ABHAIPUR,62.0,51.92,9.62,21.15,17.31
15648,KIUL,KIUL JN,54.0,73.08,3.85,23.08,0.0
15648,LKR,LUCKEESARAI JN,57.0,71.15,5.77,23.08,0.0
15648,BRYA,BARHIYA,63.0,71.15,5.77,23.08,0.0
15648,HTZ,HATHIDAH JN,65.0,63.46,13.46,23.08,0.0
15648,MKA,MOKAMEH JN,67.0,55.77,21.15,23.08,0.0
15648,BARH,BARH,79.0,23.08,51.92,25.0,0.0
15648,BKP,BAKHTIYARPUR JN,80.0,28.85,46.15,25.0,0.0
15648,KOO,KHUSROPUR,85.0,17.31,55.77,26.92,0.0
15648,FUT,FATUHA JN,89.0,15.38,53.85,30.77,0.0
15648,PNC,PATNA SAHEB,83.0,25.0,48.08,26.92,0.0
15648,PNBE,PATNA JN,85.0,28.85,46.15,25.0,0.0
15648,DNR,DANAPUR,95.0,19.23,50.0,30.77,0.0
15648,ARA,ARA,107.0,11.54,51.92,36.54,0.0
15648,DURE,DUMRAON,117.0,7.69,50.0,42.31,0.0
15648,BXR,BUXAR,115.0,11.54,44.23,44.23,0.0
15648,DLN,DILDARNAGAR JN,124.0,1.92,50.0,48.08,0.0
15648,DDU,PT DEEN DAYAL UPADHYAY JN,92.0,46.15,19.23,34.62,0.0
15648,MZP,MIRZAPUR,105.0,21.15,44.23,34.62,0.0
15648,PCOI,PRAYAGRAJ CHHEOKI,132.0,11.54,25.0,63.46,0.0
15648,STA,SATNA,159.0,9.62,15.38,75.0,0.0
15648,MYR,MAIHAR,64.0,0.0,1.92,1.92,96.15
15648,KTE,KATNI,172.0,7.69,11.54,80.77,0.0
15648,JBP,JABALPUR,182.0,3.85,15.38,80.77,0.0
15648,PPI,PIPARIYA,204.0,3.85,9.62,86.54,0.0
15648,ET,ITARSI JN,182.0,7.69,11.54,80.77,0.0
15648,HD,HARDA,203.0,1.92,13.46,84.62,0.0
15648,KNW,KHANDWA,190.0,9.62,13.46,76.92,0.0
15648,BAU,BURHANPUR,192.0,9.62,15.38,75.0,0.0
15648,BSL,BHUSAVAL JN,195.0,9.62,15.38,75.0,0.0
15648,MMR,MANMAD JN,205.0,11.54,9.62,78.85,0.0
15648,NK,NASIK ROAD,207.0,11.54,11.54,76.92,0.0
15648,KYN,KALYAN JN,215.0,5.77,15.38,78.85,0.0
15648,TNA,THANE,164.0,19.23,9.62,71.15,0.0
15648,LTT,LOKMANYATILAK T,151.0,15.38,11.54,55.77,17.31
15909,DBRG,DIBRUGARH,8.0,90.41,3.29,1.37,4.93
15909,NTSK,NEW TINSUKIA JN,10.0,84.11,9.32,1.64,4.93
15909,BOJ,BHOJO,22.0,31.78,61.1,2.19,4.93
15909,SLGR,SIMALUGURI JN,25.0,24.93,67.67,2.47,4.93
15909,MXN,MARIANI JN,25.0,22.47,69.86,2.74,4.93
15909,FKG,FURKATING JN,10.0,87.95,4.93,2.19,4.93
15909,SZR,SARUPATHAR,16.0,63.84,28.77,2.47,4.93
15909,DMV,DIMAPUR,24.0,43.56,48.49,3.01,4.93
15909,DPU,DIPHU,30.0,22.74,68.22,4.11,4.93
15909,LMG,LUMDING JN,26.0,40.0,51.51,3.56,4.93
15909,HJI,HOJAI,39.0,13.42,71.23,10.41,4.93
15909,CPK,CHAPARMUKH JN,48.0,13.97,58.36,22.74,4.93
15909,JID,JAGI ROAD,58.0,9.04,49.86,36.16,4.93
15909,GHY,GUWAHATI,17.0,70.41,16.44,8.22,4.93
15909,KYQ,KAMAKHYA,18.0,70.41,16.16,8.49,4.93
15909,RNY,RANGIYA JN,25.0,58.63,25.21,10.41,5.75
15909,BPRD,BARPETA ROAD,50.0,23.29,47.95,23.01,5.75
15909,BNGN,BONGAIGAON,29.0,1.1,1.92,0.55,96.44
15909,NBQ,NEW BONGAIGAON,39.0,44.11,27.95,19.45,8.49
15909,NOQ,NEW ALIPURDAUR,48.0,30.41,41.64,22.74,5.21
15909,NCB,NEW COOCH BEHAR,46.0,36.71,35.62,22.74,4.93
15909,DQG,DHUPGURI,47.0,37.53,34.79,22.74,4.93
15909,JPE,JALPAIGURI ROAD,49.0,33.42,38.63,23.01,4.93
15909,NJP,NEW JALPAIGURI,45.0,38.63,35.07,21.37,4.93
15909,AUB,ALUABARI ROAD,59.0,18.63,49.04,27.4,4.93
15909,KNE,KISHANGANJ,62.0,14.52,49.32,31.23,4.93
15909,DLK,DALKOLHA,68.0,8.22,53.42,33.42,4.93
15909,BOE,BARSOI JN,68.0,6.03,56.44,32.6,4.93
15909,AZR,AZAMNAGAR ROAD,72.0,3.84,55.07,36.16,4.93
15909,KIR,KATIHAR JN,31.0,72.88,6.85,15.34,4.93
15909,NNA,NAUGACHIA,44.0,39.18,38.36,17.53,4.93
15909,THB,THANA BIHPUR JN,49.0,30.14,45.21,19.73,4.93
15909,MNE,MANSI JN,60.0,20.27,49.59,25.21,4.93
15909,KGG,KHAGARIA JN,66.0,13.97,53.42,27.67,4.93
15909,BGS,BEGU SARAI,77.0,7.12,50.41,37.53,4.93
15909,BJU,BARAUNI JN,71.0,20.0,41.37,33.7,4.93
15909,DSS,DALSINGH SARAI,86.0,7.12,43.29,44.66,4.93
15909,SPJ,SAMASTIPUR JN,81.0,17.26,35.89,41.92,4.93
15909,MFP,MUZAFFARPUR JN,92.0,9.59,33.7,51.78,4.93
15909,HJP,HAJIPUR JN,96.0,9.32,33.42,52.33,4.93
15909,SEE,SONPUR JN,102.0,3.56,26.03,43.56,26.85
15909,CPR,CHHAPRA,72.0,32.05,25.75,37.26,4.93
15909,EKMA,EKMA,81.0,10.96,27.67,30.14,31.23
15909,SV,SIWAN JN,59.0,42.47,21.92,30.68,4.93
15909,BHTR,BHATPAR RANI,65.0,4.11,3.01,3.29,89.59
15909,BTT,BHATNI JN,64.0,34.25,27.4,33.15,5.21
15909,DEOS,DEORIA SADAR,63.0,36.16,26.58,32.05,5.21
15909,GKP,GORAKHPUR JN,78.0,23.01,31.23,40.82,4.93
15909,KLD,KHALILABAD,81.0,20.0,32.33,42.74,4.93
15909,BST,BASTI,86.0,15.62,32.88,46.58,4.93
15909,MUR,MANKAPUR JN,94.0,9.59,35.62,49.86,4.93
15909,GD,GONDA JN,100.0,6.85,35.89,52.33,4.93
15909,BBK,BARABANKI JN,96.0,20.0,21.64,46.58,11.78
15909,LKO,LUCKNOW NR,84.0,30.41,15.89,41.92,11.78
15909,BLM,BALAMU JN,79.0,21.1,30.96,36.16,11.78
15909,HRI,HARDOI,90.0,8.22,40.27,39.73,11.78
15909,SPN,SHAHJEHANPUR,70.0,25.48,36.44,33.15,4.93
15909,BE,BAREILLY,70.0,33.15,28.49,33.42,4.93
15909,RMU,RAMPUR,89.0,12.88,40.27,41.92,4.93
15909,MB,MORADABAD,89.0,18.36,32.33,44.38,4.93
15909,AMRO,AMROHA,94.0,16.99,33.42,44.66,4.93
15909,HPU,HAPUR,103.0,13.42,30.68,50.96,4.93
15909,PKW,PILKHUA,105.0,12.6,30.96,51.51,4.93
15909,GZB,GHAZIABAD,112.0,14.79,25.21,55.07,4.93
15909,DLI,DELHI,129.0,7.67,25.48,60.55,6.3
15909,DKZ,DELHI KISHANGNJ,135.0,4.66,25.21,65.21,4.93
15909,SSB,SHAKURBASTI,144.0,2.19,23.29,69.59,4.93
15909,NNO,NANGLOI,150.0,1.1,21.37,72.6,4.93
15909,BGZ,BAHADURGARH,154.0,0.55,19.18,75.34,4.93
15909,ROK,ROHTAK JN,154.0,0.55,20.55,73.97,4.93
15909,JIND,JIND JN,159.0,0.27,16.16,78.63,4.93
15909,NRW,NARWANA JN,164.0,0.0,14.25,80.82,4.93
15909,TUN,TOHANA,164.0,0.0,14.79,80.27,4.93
15909,JHL,JAKHAL JN,162.0,0.55,15.34,79.18,4.93
15909,BRZ,BARETA,163.0,0.55,15.07,79.45,4.93
15909,BLZ,BUDHLADA,164.0,0.55,13.7,80.82,4.93
15909,MSZ,MANSA,165.0,0.55,13.15,81.37,4.93
15909,MAUR,MAUR,168.0,0.55,12.6,81.92,4.93
15909,BTI,BHATINDA JN,124.0,15.62,23.56,55.89,4.93
15909,MBY,MANDI DABWALI,142.0,4.93,24.93,65.21,4.93
15909,SGRA,SANGARIA,151.0,1.64,24.38,69.04,4.93
15909,HMH,HANUMANGARH JN,139.0,1.92,28.22,64.93,4.93
15909,PGK,PILI BANGAN,142.0,1.1,27.67,66.3,4.93
15909,SOG,SURATGARH JN,139.0,1.37,29.59,64.11,4.93
15909,MHJ,MAHAJAN,149.0,0.82,24.38,69.86,4.93
15909,LKS,LUNKARANSAR,153.0,0.27,22.47,72.33,4.93
15909,LGH,LALGARH JN,107.0,26.3,17.81,50.96,4.93
15910,LGH,LALGARH JN,11.0,90.96,1.64,2.47,4.93
15910,LKS,LUNKARANSAR,18.0,78.36,13.15,3.56,4.93
15910,MHJ,MAHAJAN,28.0,21.64,70.14,3.29,4.93
15910,SOG,SURATGARH JN,21.0,53.42,38.36,3.29,4.93
15910,PGK,PILI BANGAN,23.0,44.38,47.12,3.56,4.93
15910,HMH,HANUMANGARH JN,23.0,44.66,46.3,4.11,4.93
15910,SGRA,SANGARIA,27.0,34.52,55.89,4.66,4.93
15910,MBY,MANDI DABWALI,31.0,22.19,67.67,5.21,4.93
15910,BTI,BHATINDA JN,11.0,88.77,2.47,3.84,4.93
15910,MAUR,MAUR,20.0,80.82,9.86,4.38,4.93
15910,MSZ,MANSA,21.0,77.26,12.88,4.93,4.93
15910,BLZ,BUDHLADA,22.0,73.97,15.89,5.21,4.93
15910,BRZ,BARETA,24.0,65.75,23.56,5.75,4.93
15910,JHL,JAKHAL JN,25.0,60.55,28.22,6.3,4.93
15910,TUN,TOHANA,26.0,56.99,31.23,6.85,4.93
15910,NRW,NARWANA JN,28.0,47.95,39.18,7.95,4.93
15910,JIND,JIND JN,29.0,47.95,38.9,8.22,4.93
15910,ROK,ROHTAK JN,30.0,46.3,38.9,9.86,4.93
15910,BGZ,BAHADURGARH,29.0,49.04,35.89,10.14,4.93
15910,SSB,SHAKURBASTI,26.0,64.66,20.82,9.59,4.93
15910,DKZ,DELHI KISHANGNJ,31.0,55.07,29.04,10.96,4.93
15910,DLI,DELHI,30.0,54.79,27.4,11.23,6.58
15910,GZB,GHAZIABAD,29.0,58.9,23.56,12.33,5.21
15910,PKW,PILKHUA,36.0,44.66,36.16,13.7,5.48
15910,HPU,HAPUR,39.0,40.82,39.73,13.97,5.48
15910,AMRO,AMROHA,48.0,26.85,49.32,18.36,5.48
15910,MB,MORADABAD,52.0,27.95,46.85,20.0,5.21
15910,RMU,RAMPUR,67.0,12.6,52.6,29.04,5.75
15910,BE,BAREILLY,89.0,3.56,43.56,47.12,5.75
15910,SPN,SHAHJEHANPUR,99.0,6.85,34.79,52.6,5.75
15910,HRI,HARDOI,108.0,9.04,20.0,57.81,13.15
15910,BLM,BALAMU JN,115.0,7.95,17.81,61.1,13.15
15910,LKO,LUCKNOW NR,118.0,11.78,13.42,61.64,13.15
15910,BBK,BARABANKI JN,103.0,15.07,16.16,55.62,13.15
15910,JLD,JARWAL ROAD,112.0,11.51,20.82,62.47,5.21
15910,GD,GONDA JN,108.0,13.97,19.18,61.64,5.21
15910,MUR,MANKAPUR JN,114.0,7.67,23.56,63.56,5.21
15910,BST,BASTI,117.0,8.49,21.37,64.93,5.21
15910,KLD,KHALILABAD,119.0,6.85,23.56,64.38,5.21
15910,GKP,GORAKHPUR JN,93.0,21.92,18.08,54.79,5.21
15910,DEOS,DEORIA SADAR,99.0,10.96,26.3,57.53,5.21
15910,BTT,BHATNI JN,100.0,10.96,26.85,56.99,5.21
15910,BHTR,BHATPAR RANI,105.0,2.74,1.37,6.3,89.59
15910,SV,SIWAN JN,88.0,21.37,21.92,51.51,5.21
15910,EKMA,EKMA,88.0,16.44,15.07,36.99,31.51
15910,CPR,CHHAPRA,77.0,33.15,19.73,41.92,5.21
15910,SEE,SONPUR JN,78.0,22.19,22.47,28.22,27.12
15910,HJP,HAJIPUR JN,80.0,27.95,27.4,39.45,5.21
15910,MFP,MUZAFFARPUR JN,94.0,13.97,33.7,47.12,5.21
15910,SPJ,SAMASTIPUR JN,100.0,16.44,26.3,52.05,5.21
15910,DSS,DALSINGH SARAI,108.0,11.23,27.67,55.89,5.21
15910,BJU,BARAUNI JN,101.0,16.71,25.75,52.33,5.21
15910,BGS,BEGU SARAI,109.0,10.68,29.04,55.07,5.21
15910,KGG,KHAGARIA JN,121.0,6.3,28.22,60.27,5.21
15910,MNE,MANSI JN,124.0,4.93,28.22,61.64,5.21
15910,THB,THANA BIHPUR JN,127.0,4.38,27.4,63.01,5.21
15910,NNA,NAUGACHIA,132.0,1.92,29.04,63.84,5.21
15910,KIR,KATIHAR JN,101.0,27.4,20.82,46.58,5.21
15910,AZR,AZAMNAGAR ROAD,114.0,14.79,26.85,51.23,7.12
15910,BOE,BARSOI JN,120.0,8.49,30.96,55.34,5.21
15910,DLK,DALKOLHA,132.0,3.29,28.77,62.74,5.21
15910,KNE,KISHANGANJ,138.0,2.19,27.12,65.48,5.21
15910,AUB,ALUABARI ROAD,145.0,1.37,23.84,69.59,5.21
15910,NJP,NEW JALPAIGURI,142.0,3.56,26.03,65.21,5.21
15910,JPE,JALPAIGURI ROAD,120.0,14.25,22.47,58.08,5.21
15910,DQG,DHUPGURI,123.0,13.97,23.01,57.81,5.21
15910,NCB,NEW COOCH BEHAR,121.0,15.62,22.74,56.44,5.21
15910,NOQ,NEW ALIPURDAUR,120.0,17.26,21.37,56.16,5.21
15910,NBQ,NEW BONGAIGAON,108.0,25.75,18.36,50.68,5.21
15910,BPRD,BARPETA ROAD,128.0,15.62,20.55,58.63,5.21
15910,RNY,RANGIYA JN,147.0,7.4,21.64,65.75,5.21
15910,KYQ,KAMAKHYA,142.0,18.63,14.79,61.37,5.21
15910,GHY,GUWAHATI,160.0,11.23,18.63,64.93,5.21
15910,JID,JAGI ROAD,177.0,2.19,20.27,72.33,5.21
15910,CPK,CHAPARMUKH JN,183.0,1.92,19.73,73.15,5.21
15910,HJI,HOJAI,187.0,1.64,18.9,74.25,5.21
15910,LMG,LUMDING JN,176.0,3.56,18.36,72.88,5.21
15910,DPU,DIPHU,182.0,3.29,16.16,75.34,5.21
15910,DMV,DIMAPUR,189.0,1.92,15.34,77.53,5.21
15910,SZR,SARUPATHAR,189.0,3.29,14.79,76.71,5.21
15910,FKG,FURKATING JN,169.0,13.42,7.95,73.42,5.21
15910,MXN,MARIANI JN,182.0,4.66,15.62,74.52,5.21
15910,SLGR,SIMALUGURI JN,189.0,5.21,14.25,75.34,5.21
15910,BOJ,BHOJO,182.0,9.86,10.41,74.52,5.21
15910,NTSK,NEW TINSUKIA JN,189.0,4.66,16.71,73.42,5.21
15910,DBRG,DIBRUGARH,167.0,18.08,8.77,67.95,5.21
15945,LTT,LOKMANYATILAK T,11.0,93.27,4.81,1.92,0.0
15945,KYN,KALYAN JN,26.0,51.92,44.23,3.85,0.0
15945,NK,NASIK ROAD,18.0,80.77,16.35,2.88,0.0
15945,MMR,MANMAD JN,20.0,81.73,13.46,4.81,0.0
15945,BSL,BHUSAVAL JN,24.0,66.35,26.92,6.73,0.0
15945,BAU,BURHANPUR,25.0,65.38,28.85,5.77,0.0
15945,KNW,KHANDWA,17.0,85.58,8.65,5.77,0.0
15945,HD,HARDA,25.0,75.96,14.42,9.62,0.0
15945,ET,ITARSI JN,27.0,75.96,12.5,11.54,0.0
15945,JBP,JABALPUR,42.0,42.31,43.27,14.42,0.0
15945,KTE,KATNI,72.0,2.88,64.42,32.69,0.0
15945,MYR,MAIHAR,32.0,0.0,2.88,0.0,97.12
15945,STA,SATNA,81.0,0.0,63.46,36.54,0.0
15945,PCOI,PRAYAGRAJ CHHEOKI,85.0,13.46,43.27,43.27,0.0
15945,MZP,MIRZAPUR,93.0,14.42,35.58,50.0,0.0
15945,DDU,PT DEEN DAYAL UPADHYAY JN,79.0,43.27,18.27,38.46,0.0
15945,DLN,DILDARNAGAR JN,75.0,43.27,17.31,37.5,1.92
15945,BXR,BUXAR,74.0,41.35,23.08,33.65,1.92
15945,DURE,DUMRAON,76.0,38.46,25.96,33.65,1.92
15945,ARA,ARA,72.0,43.27,21.15,33.65,1.92
15945,DNR,DANAPUR,80.0,25.96,37.5,34.62,1.92
15945,PNBE,PATNA JN,60.0,51.92,15.38,30.77,1.92
15945,PNC,PATNA SAHEB,68.0,39.42,25.96,32.69,1.92
15945,BKP,BAKHTIYARPUR JN,77.0,33.65,24.04,40.38,1.92
15945,BARH,BARH,86.0,20.19,36.54,41.35,1.92
15945,MKA,MOKAMEH JN,88.0,19.23,34.62,44.23,1.92
15945,NBJU,NEW BARAUNI JN,66.0,47.12,15.38,35.58,1.92
15945,BGS,BEGU SARAI,69.0,42.31,20.19,35.58,1.92
15945,KGG,KHAGARIA JN,68.0,38.46,25.0,34.62,1.92
15945,MNE,MANSI JN,68.0,35.58,27.88,34.62,1.92
15945,THB,THANA BIHPUR JN,70.0,32.69,30.77,34.62,1.92
15945,NNA,NAUGACHIA,73.0,27.88,34.62,35.58,1.92
15945,KIR,KATIHAR JN,62.0,50.0,19.23,29.81,0.96
15945,BOE,BARSOI JN,84.0,23.08,39.42,36.54,0.96
15945,KNE,KISHANGANJ,95.0,14.42,39.42,45.19,0.96
15945,NJP,NEW JALPAIGURI,94.0,27.88,27.88,44.23,0.0
15945,DQG,DHUPGURI,86.0,41.35,23.08,35.58,0.0
15945,NCB,NEW COOCH BEHAR,88.0,39.42,23.08,37.5,0.0
15945,NOQ,NEW ALIPURDAUR,90.0,37.5,25.96,36.54,0.0
15945,KOJ,KOKRAJHAR,105.0,22.12,33.65,44.23,0.0
15945,NBQ,NEW BONGAIGAON,89.0,47.12,18.27,34.62,0.0
15945,BPRD,BARPETA ROAD,115.0,24.04,30.77,45.19,0.0
15945,RNY,RANGIYA JN,148.0,9.62,30.77,59.62,0.0
15945,KYQ,KAMAKHYA,127.0,20.19,31.73,48.08,0.0
15945,GHY,GUWAHATI,126.0,25.0,26.92,48.08,0.0
15945,HJI,HOJAI,162.0,4.81,33.65,61.54,0.0
15945,LMG,LUMDING JN,163.0,10.58,25.96,63.46,0.0
15945,DPU,DIPHU,173.0,6.73,26.92,66.35,0.0
15945,DMV,DIMAPUR,180.0,9.62,24.04,66.35,0.0
15945,FKG,FURKATING JN,145.0,29.81,17.31,52.88,0.0
15945,MXN,MARIANI JN,154.0,15.38,31.73,52.88,0.0
15945,SLGR,SIMALUGURI JN,159.0,10.58,36.54,52.88,0.0
15945,NTSK,NEW TINSUKIA JN,156.0,14.42,33.65,51.92,0.0
15945,DBRG,DIBRUGARH,131.0,43.27,9.62,47.12,0.0
15946,DBRG,DIBRUGARH,2.0,99.04,0.96,0.0,0.0
15946,NTSK,NEW TINSUKIA JN,9.0,79.81,19.23,0.96,0.0
15946,SLGR,SIMALUGURI JN,12.0,73.08,25.96,0.96,0.0
15946,MXN,MARIANI JN,12.0,70.19,27.88,1.92,0.0
15946,FKG,FURKATING JN,2.0,97.12,1.92,0.96,0.0
15946,DMV,DIMAPUR,11.0,73.08,25.0,1.92,0.0
15946,DPU,DIPHU,12.0,69.23,29.81,0.96,0.0
15946,LMG,LUMDING JN,12.0,74.04,25.0,0.96,0.0
15946,HJI,HOJAI,17.0,57.69,39.42,2.88,0.0
15946,CPK,CHAPARMUKH JN,22.0,0.0,0.96,0.0,99.04
15946,GHY,GUWAHATI,42.0,25.96,50.96,23.08,0.0
15946,KYQ,KAMAKHYA,40.0,32.69,44.23,23.08,0.0
15946,RNY,RANGIYA JN,43.0,36.54,28.85,33.65,0.96
15946,BPRD,BARPETA ROAD,75.0,10.58,42.31,46.15,0.96
15946,BNGN,BONGAIGAON,102.0,0.0,0.0,3.85,96.15
15946,NBQ,NEW BONGAIGAON,60.0,32.69,27.88,35.58,3.85
15946,KOJ,KOKRAJHAR,60.0,32.69,28.85,38.46,0.0
15946,NOQ,NEW ALIPURDAUR,69.0,19.23,34.62,46.15,0.0
15946,NCB,NEW COOCH BEHAR,72.0,20.19,33.65,46.15,0.0
15946,DQG,DHUPGURI,74.0,19.23,33.65,47.12,0.0
15946,NJP,NEW JALPAIGURI,45.0,51.92,24.04,24.04,0.0
15946,KNE,KISHANGANJ,55.0,36.54,28.85,33.65,0.96
15946,BOE,BARSOI JN,58.0,32.69,33.65,32.69,0.96
15946,KIR,KATIHAR JN,28.0,75.0,6.73,17.31,0.96
15946,NNA,NAUGACHIA,38.0,57.69,23.08,18.27,0.96
15946,THB,THANA BIHPUR JN,39.0,53.85,25.96,19.23,0.96
15946,MNE,MANSI JN,44.0,24.04,56.73,18.27,0.96
15946,KGG,KHAGARIA JN,47.0,24.04,56.73,18.27,0.96
15946,BGS,BEGU SARAI,66.0,1.92,70.19,26.92,0.96
15946,NBJU,NEW BARAUNI JN,39.0,44.23,38.46,16.35,0.96
15946,MKA,MOKAMEH JN,49.0,32.69,47.12,19.23,0.96
15946,BARH,BARH,68.0,6.73,48.08,44.23,0.96
15946,BKP,BAKHTIYARPUR JN,72.0,2.88,47.12,49.04,0.96
15946,PNC,PATNA SAHEB,51.0,11.54,72.12,15.38,0.96
15946,PNBE,PATNA JN,33.0,45.19,42.31,11.54,0.96
15946,DNR,DANAPUR,36.0,41.35,46.15,11.54,0.96
15946,ARA,ARA,44.0,27.88,56.73,14.42,0.96
15946,DURE,DUMRAON,34.0,47.12,41.35,10.58,0.96
15946,BXR,BUXAR,31.0,57.69,31.73,9.62,0.96
15946,DLN,DILDARNAGAR JN,39.0,39.42,49.04,10.58,0.96
15946,DDU,PT DEEN DAYAL UPADHYAY JN,29.0,84.62,5.77,9.62,0.0
15946,MZP,MIRZAPUR,47.0,47.12,34.62,18.27,0.0
15946,PCOI,PRAYAGRAJ CHHEOKI,82.0,14.42,42.31,43.27,0.0
15946,STA,SATNA,114.0,9.62,29.81,60.58,0.0
15946,MYR,MAIHAR,139.0,0.0,0.0,2.88,97.12
15946,KTE,KATNI,130.0,3.85,25.96,70.19,0.0
15946,JBP,JABALPUR,141.0,0.96,25.0,74.04,0.0
15946,PPI,PIPARIYA,161.0,0.96,14.42,84.62,0.0
15946,ET,ITARSI JN,142.0,5.77,18.27,75.96,0.0
15946,HD,HARDA,173.0,1.92,16.35,81.73,0.0
15946,KNW,KHANDWA,159.0,10.58,18.27,71.15,0.0
15946,BAU,BURHANPUR,162.0,12.5,17.31,70.19,0.0
15946,BSL,BHUSAVAL JN,163.0,13.46,13.46,73.08,0.0
15946,MMR,MANMAD JN,177.0,10.58,16.35,73.08,0.0
15946,NK,NASIK ROAD,176.0,9.62,18.27,72.12,0.0
15946,KYN,KALYAN JN,184.0,5.77,21.15,73.08,0.0
15946,TNA,THANE,159.0,14.42,17.31,68.27,0.0
15946,LTT,LOKMANYATILAK T,160.0,14.42,12.5,61.54,11.54
15960,DBRG,DIBRUGARH,9.0,97.31,0.38,2.31,0.0
15960,NTSK,NEW TINSUKIA JN,12.0,83.85,13.46,2.31,0.38
15960,DJG,DULIAJAN,16.0,71.54,25.0,3.08,0.38
15960,NHK,NAHARKATIYA,26.0,42.69,53.46,3.46,0.38
15960,NAM,NAMRUP,19.0,64.23,31.92,3.46,0.38
15960,BOJ,BHOJO,28.0,33.46,61.92,4.23,0.38
15960,SLGR,SIMALUGURI JN,35.0,23.46,70.38,6.15,0.0
15960,AGI,AMGURI,25.0,52.69,41.15,6.15,0.0
15960,MXN,MARIANI JN,29.0,47.69,43.46,8.85,0.0
15960,FKG,FURKATING JN,14.0,87.69,5.38,6.92,0.0
15960,BXP,BARPATHAR,27.0,56.15,35.38,8.46,0.0
15960,SZR,SARUPATHAR,31.0,45.77,44.62,9.62,0.0
15960,DMV,DIMAPUR,43.0,20.0,67.31,12.69,0.0
15960,DPU,DIPHU,38.0,21.54,65.77,12.69,0.0
15960,LMG,LUMDING JN,33.0,37.69,51.54,10.77,0.0
15960,LKA,LANKA,29.0,48.08,39.62,12.31,0.0
15960,HJI,HOJAI,31.0,46.54,40.38,13.08,0.0
15960,CPK,CHAPARMUKH JN,36.0,37.31,46.92,15.77,0.0
15960,GHY,GUWAHATI,37.0,34.62,48.85,16.54,0.0
15960,KYQ,KAMAKHYA,38.0,33.85,47.69,18.46,0.0
15960,RNY,RANGIYA JN,39.0,38.85,42.31,17.69,1.15
15960,NLV,NALBARI,48.0,25.0,53.08,20.77,1.15
15960,TIHU,TIHU,54.0,18.08,56.54,24.23,1.15
15960,PBL,PATHSALA,62.0,8.08,60.77,30.0,1.15
15960,BPRD,BARPETA ROAD,72.0,5.0,48.46,45.38,1.15
15960,SBE,SORBHOG JN,72.0,3.85,50.38,44.62,1.15
15960,BNGN,BONGAIGAON,69.0,6.15,50.38,42.31,1.15
15960,NBQ,NEW BONGAIGAON,48.0,34.62,38.08,23.46,3.85
15960,KOJ,KOKRAJHAR,52.0,24.62,48.85,26.54,0.0
15960,FKM,FAKIRAGRAM JN,55.0,20.0,51.15,28.85,0.0
15960,KAMG,KAMAKHYAGURI,68.0,6.15,56.54,37.31,0.0
15960,NOQ,NEW ALIPURDAUR,69.0,6.15,56.15,37.69,0.0
15960,NCB,NEW COOCH BEHAR,71.0,6.15,53.85,40.0,0.0
15960,FLK,FALAKATA,74.0,4.62,50.77,44.23,0.38
15960,DQG,DHUPGURI,70.0,9.62,48.08,41.92,0.38
15960,NMX,NEW MAYNAGURI,71.0,8.08,48.46,43.08,0.38
15960,JPE,JALPAIGURI ROAD,75.0,5.77,48.08,46.15,0.0
15960,NJP,NEW JALPAIGURI,45.0,45.77,29.62,24.62,0.0
15960,AUB,ALUABARI ROAD,56.0,29.23,41.15,29.62,0.0
15960,KNE,KISHANGANJ,61.0,20.0,46.54,33.46,0.0
15960,HCR,HARISCHANDRPUR,71.0,10.38,53.85,35.77,0.0
15960,SM,SAMSI,60.0,3.08,3.85,3.46,89.62
15960,MLDT,MALDA TOWN,39.0,66.92,5.77,27.31,0.0
15960,NFK,NEW FARAKKA JN,42.0,63.46,9.62,26.92,0.0
15960,DGLE,DHULIAN GANGA,42.0,63.46,9.62,26.92,0.0
15960,NILE,NIMTITA,42.0,63.85,9.62,26.54,0.0
15960,JRLE,JANGIPUR ROAD,45.0,63.85,8.85,27.31,0.0
15960,AZ,AZIMGANJ JN,39.0,66.54,8.08,25.38,0.0
15960,KGLE,KHAGRAGHAT ROAD,42.0,64.62,9.62,25.77,0.0
15960,SALE,SALAR,47.0,61.54,11.92,26.54,0.0
15960,KWAE,KATWA,39.0,66.92,8.08,25.0,0.0
15960,NDAE,NABADWIP DHAM,40.0,65.38,11.15,23.46,0.0
15960,ABKA,AMBIKA KALNA,42.0,61.92,15.0,23.08,0.0
15960,BDC,BANDEL JN,40.0,65.38,11.92,22.69,0.0
15960,HWH,HOWRAH JN,13.0,75.77,8.08,16.15,0.0
20501,AGTL,AGARTALA,11.0,94.23,0.0,5.77,0.0
20501,ABSA,AMBASA,23.0,78.85,11.54,9.62,0.0
20501,DMR,DHARMANAGAR,18.0,88.46,1.92,9.62,0.0
20501,NKMG,NEW KARIMGANJ,17.0,88.46,3.85,7.69,0.0
20501,BPB,BADARPUR JN,23.0,76.92,15.38,7.69,0.0
20501,HJI,HOJAI,22.0,69.23,21.15,9.62,0.0
20501,GHY,GUWAHATI,25.0,63.46,23.08,13.46,0.0
20501,RNY,RANGIYA JN,29.0,51.92,30.77,11.54,5.77
20501,BPRD,BARPETA ROAD,43.0,17.31,63.46,13.46,5.77
20501,NJP,NEW JALPAIGURI,47.0,48.08,25.0,26.92,0.0
20501,MLDT,MALDA TOWN,44.0,11.54,0.0,1.92,86.54
20501,BGP,BHAGALPUR,41.0,11.54,0.0,1.92,86.54
20501,JMP,JAMALPUR JN,41.0,11.54,0.0,1.92,86.54
20501,PNBE,PATNA JN,43.0,9.62,1.92,1.92,86.54
20501,KIR,KATIHAR JN,55.0,46.15,7.69,32.69,13.46
20501,BJU,BARAUNI JN,70.0,30.77,19.23,36.54,13.46
20501,PPTA,PATLIPUTRA,57.0,40.38,17.31,28.85,13.46
20501,DDU,PT DEEN DAYAL UPADHYAY JN,50.0,57.69,19.23,23.08,0.0
20501,CNB,KANPUR CENTRAL,89.0,25.0,36.54,38.46,0.0
20501,ANVT,ANAND VIHAR TRM,98.0,48.08,11.54,40.38,0.0
20503,DBRG,DIBRUGARH,5.0,96.55,3.07,0.38,0.0
20503,MRHT,MORANHAT,14.0,60.15,39.08,0.77,0.0
20503,SLGR,SIMALUGURI JN,13.0,69.35,29.89,0.77,0.0
20503,MXN,MARIANI JN,16.0,63.22,35.25,1.53,0.0
20503,DMV,DIMAPUR,20.0,49.43,47.51,3.07,0.0
20503,LMG,LUMDING JN,17.0,62.45,34.1,3.45,0.0
20503,GHY,GUWAHATI,11.0,79.31,18.01,2.68,0.0
20503,BNGN,BONGAIGAON,13.0,2.68,1.53,0.0,95.79
20503,NBQ,NEW BONGAIGAON,25.0,57.85,27.97,9.96,4.21
20503,KOJ,KOKRAJHAR,24.0,62.07,27.59,10.34,0.0
20503,NOQ,NEW ALIPURDAUR,37.0,39.85,42.15,18.01,0.0
20503,NCB,NEW COOCH BEHAR,38.0,39.85,40.61,19.54,0.0
20503,NJP,NEW JALPAIGURI,30.0,59.77,23.75,16.48,0.0
20503,KNE,KISHANGANJ,42.0,43.68,35.25,21.07,0.0
20503,KIR,KATIHAR JN,34.0,59.77,20.69,19.54,0.0
20503,SPJ,SAMASTIPUR JN,29.0,63.98,21.46,14.56,0.0
20503,MFP,MUZAFFARPUR JN,35.0,57.47,24.14,18.39,0.0
20503,HJP,HAJIPUR JN,33.0,60.15,19.92,19.92,0.0
20503,CPR,CHHAPRA,28.0,70.5,14.56,14.94,0.0
20503,BUI,BALLIA,38.0,53.26,26.82,16.86,3.07
20503,BSB,VARANASI JN,31.0,66.67,14.94,15.33,3.07
20503,LKO,LUCKNOW NR,34.0,69.73,12.26,18.01,0.0
20503,BE,BAREILLY,42.0,55.56,24.9,19.54,0.0
20503,MB,MORADABAD,39.0,59.0,21.46,19.54,0.0
20503,NDLS,NEW DELHI,43.0,59.0,19.92,21.07,0.0
20504,NDLS,NEW DELHI,1.0,98.85,0.38,0.77,0.0
20504,MB,MORADABAD,11.0,83.08,14.62,2.31,0.0
20504,BE,BAREILLY,30.0,26.54,66.92,6.54,0.0
20504,LKO,LUCKNOW NR,35.0,30.0,56.15,13.85,0.0
20504,BSB,VARANASI JN,34.0,31.92,51.15,13.85,3.08
20504,BUI,BALLIA,47.0,17.69,53.08,26.15,3.08
20504,CPR,CHHAPRA,53.0,19.62,48.85,31.54,0.0
20504,HJP,HAJIPUR JN,50.0,24.23,45.77,30.0,0.0
20504,MFP,MUZAFFARPUR JN,57.0,17.31,47.69,35.0,0.0
20504,SPJ,SAMASTIPUR JN,52.0,28.08,36.92,31.15,3.85
20504,KIR,KATIHAR JN,48.0,36.54,35.0,25.77,2.69
20504,KNE,KISHANGANJ,68.0,6.92,52.31,38.08,2.69
20504,NJP,NEW JALPAIGURI,57.0,21.92,46.15,31.92,0.0
20504,NCB,NEW COOCH BEHAR,47.0,44.23,29.62,26.15,0.0
20504,NOQ,NEW ALIPURDAUR,44.0,48.85,26.15,25.0,0.0
20504,KOJ,KOKRAJHAR,57.0,29.62,40.0,30.38,0.0
20504,NBQ,NEW BONGAIGAON,45.0,48.85,25.77,25.38,0.0
20504,GHY,GUWAHATI,85.0,14.62,40.77,44.62,0.0
20504,LMG,LUMDING JN,83.0,18.85,32.69,48.46,0.0
20504,DMV,DIMAPUR,109.0,4.62,34.23,61.15,0.0
20504,MXN,MARIANI JN,69.0,33.08,27.31,39.62,0.0
20504,SLGR,SIMALUGURI JN,72.0,29.62,30.38,40.0,0.0
20504,MRHT,MORANHAT,70.0,34.62,26.54,38.85,0.0
20504,DBRG,DIBRUGARH,59.0,52.69,12.69,34.62,0.0
22449,GHY,GUWAHATI,5.0,93.27,2.88,3.85,0.0
22449,GLPT,GOALPARA TOWN,38.0,14.42,70.19,14.42,0.96
22449,NBQ,NEW BONGAIGAON,18.0,75.96,14.42,9.62,0.0
22449,NJP,NEW JALPAIGURI,36.0,37.5,48.08,14.42,0.0
22449,KNE,KISHANGANJ,50.0,14.42,61.54,24.04,0.0
22449,KIR,KATIHAR JN,21.0,74.04,13.46,12.5,0.0
22449,BJU,BARAUNI JN,34.0,14.42,26.92,8.65,50.0
22449,PPTA,PATLIPUTRA,24.0,65.38,21.15,13.46,0.0
22449,DDU,PT DEEN DAYAL UPADHYAY JN,28.0,67.31,18.27,14.42,0.0
22449,PRYJ,PRAYAGRAJ JN,70.0,24.04,44.23,31.73,0.0
22449,CNB,KANPUR CENTRAL,92.0,19.23,42.31,38.46,0.0
22449,NDLS,NEW DELHI,101.0,48.08,13.46,38.46,0.0
22450,NDLS,NEW DELHI,17.0,85.58,4.81,9.62,0.0
22450,CNB,KANPUR CENTRAL,82.0,26.92,45.19,27.88,0.0
22450,PRYJ,PRAYAGRAJ JN,107.0,12.5,44.23,43.27,0.0
22450,DDU,PT DEEN DAYAL UPADHYAY JN,109.0,39.42,21.15,39.42,0.0
22450,PPTA,PATLIPUTRA,131.0,28.85,20.19,50.0,0.96
22450,BJU,BARAUNI JN,177.0,10.58,10.58,27.88,50.96
22450,KIR,KATIHAR JN,143.0,28.85,20.19,50.0,0.96
22450,KNE,KISHANGANJ,166.0,11.54,29.81,57.69,0.96
22450,NJP,NEW JALPAIGURI,171.0,20.19,23.08,56.73,0.0
22450,NBQ,NEW BONGAIGAON,179.0,14.42,26.92,58.65,0.0
22450,GLPT,GOALPARA TOWN,187.0,8.65,32.69,57.69,0.96
22450,GHY,GUWAHATI,150.0,35.58,8.65,55.77,0.0
22501,SMVB,SMVT BENGALURU,11.0,76.92,13.46,3.85,5.77
22501,KJM,KRISHNARAJAPURM,27.0,71.15,17.31,5.77,5.77
22501,BWT,BANGARAPET,35.0,44.23,42.31,7.69,5.77
22501,JTJ,JOLARPETTAI,23.0,82.69,5.77,5.77,5.77
22501,KPD,KATPADI JN,19.0,84.62,5.77,3.85,5.77
22501,PER,PERAMBUR,23.0,65.38,25.0,1.92,7.69
22501,NLR,NELLORE,44.0,7.69,73.08,11.54,7.69
22501,OGL,ONGOLE,48.0,11.54,69.23,11.54,7.69
22501,BZA,VIJAYAWADA JN,51.0,19.23,57.69,17.31,5.77
22501,RJY,RAJAMUNDRY,87.0,3.85,42.31,48.08,5.77
22501,VSKP,VISHAKAPATNAM,103.0,7.69,26.92,59.62,5.77
22501,VZM,VIZIANAGRAM JN,113.0,1.92,26.92,65.38,5.77
22501,BAM,BRAHMAPUR,106.0,9.62,19.23,65.38,5.77
22501,KUR,KHURDA ROAD JN,123.0,7.69,19.23,67.31,5.77
22501,BBS,BHUBANESWAR,129.0,7.69,17.31,69.23,5.77
22501,CTC,CUTTACK,122.0,11.54,17.31,65.38,5.77
22501,BLS,BALASORE,144.0,11.54,11.54,71.15,5.77
22501,KGP,KHARAGPUR JN,158.0,9.62,5.77,78.85,5.77
22501,DKAE,DANKUNI,169.0,9.62,9.62,69.23,11.54
22501,BHP,BOLPUR S NIKTN,210.0,3.85,9.62,75.0,11.54
22501,RPH,RAMPUR HAT,236.0,1.92,3.85,82.69,11.54
22501,MLDT,MALDA TOWN,231.0,3.85,7.69,82.69,5.77
22501,KNE,KISHANGANJ,266.0,0.0,5.77,88.46,5.77
22501,NJP,NEW JALPAIGURI,266.0,0.0,3.85,90.38,5.77
22501,JPE,JALPAIGURI ROAD,252.0,3.85,1.92,88.46,5.77
22501,NCB,NEW COOCH BEHAR,272.0,0.0,5.77,88.46,5.77
22501,NOQ,NEW ALIPURDAUR,270.0,0.0,5.77,88.46,5.77
22501,NBQ,NEW BONGAIGAON,251.0,3.85,1.92,88.46,5.77
22501,GLPT,GOALPARA TOWN,256.0,1.92,3.85,88.46,5.77
22501,GHY,GUWAHATI,254.0,0.0,9.62,84.62,5.77
22501,LMG,LUMDING JN,281.0,1.92,7.69,84.62,5.77
22501,DPU,DIPHU,290.0,1.92,3.85,88.46,5.77
22501,DMV,DIMAPUR,298.0,1.92,3.85,88.46,5.77
22501,FKG,FURKATING JN,283.0,3.85,7.69,82.69,5.77
22501,MXN,MARIANI JN,250.0,7.69,5.77,80.77,5.77
22501,SLGR,SIMALUGURI JN,259.0,0.0,11.54,82.69,5.77
22501,SRTN,SIBSAGAR TOWN,249.0,1.92,11.54,80.77,5.77
22501,MRHT,MORANHAT,248.0,5.77,7.69,80.77,5.77
22501,DBRG,DIBRUGARH,261.0,1.92,13.46,78.85,5.77
22501,NTSK,NEW TINSUKIA JN,250.0,7.69,9.62,76.92,5.77
22502,NTSK,NEW TINSUKIA JN,13.0,82.69,3.85,7.69,5.77
22502,DBRG,DIBRUGARH,21.0,69.23,15.38,9.62,5.77
22502,MRHT,MORANHAT,33.0,32.69,51.92,9.62,5.77
22502,SRTN,SIBSAGAR TOWN,29.0,50.0,34.62,9.62,5.77
22502,SLGR,SIMALUGURI JN,27.0,51.92,32.69,9.62,5.77
22502,MXN,MARIANI JN,28.0,53.85,32.69,7.69,5.77
22502,FKG,FURKATING JN,18.0,75.0,11.54,7.69,5.77
22502,DMV,DIMAPUR,43.0,28.85,51.92,13.46,5.77
22502,DPU,DIPHU,45.0,21.15,59.62,13.46,5.77
22502,LMG,LUMDING JN,36.0,44.23,40.38,9.62,5.77
22502,GHY,GUWAHATI,22.0,76.92,7.69,9.62,5.77
22502,GLPT,GOALPARA TOWN,62.0,5.77,63.46,25.0,5.77
22502,NBQ,NEW BONGAIGAON,49.0,48.08,28.85,17.31,5.77
22502,NOQ,NEW ALIPURDAUR,66.0,21.15,51.92,21.15,5.77
22502,NCB,NEW COOCH BEHAR,76.0,7.69,55.77,30.77,5.77
22502,JPE,JALPAIGURI ROAD,57.0,30.77,50.0,13.46,5.77
22502,NJP,NEW JALPAIGURI,49.0,34.62,48.08,11.54,5.77
22502,KNE,KISHANGANJ,75.0,7.69,48.08,38.46,5.77
22502,MLDT,MALDA TOWN,43.0,67.31,9.62,17.31,5.77
22502,RPH,RAMPUR HAT,53.0,48.08,23.08,17.31,11.54
22502,BHP,BOLPUR S NIKTN,63.0,26.92,40.38,21.15,11.54
22502,DKAE,DANKUNI,88.0,7.69,46.15,32.69,13.46
22502,KGP,KHARAGPUR JN,89.0,19.23,30.77,44.23,5.77
22502,BLS,BALASORE,90.0,17.31,30.77,44.23,7.69
22502,CTC,CUTTACK,114.0,9.62,23.08,59.62,7.69
22502,BBS,BHUBANESWAR,114.0,13.46,19.23,59.62,7.69
22502,KUR,KHURDA ROAD JN,117.0,13.46,19.23,59.62,7.69
22502,BAM,BRAHMAPUR,131.0,13.46,17.31,61.54,7.69
22502,VZM,VIZIANAGRAM JN,124.0,17.31,15.38,61.54,5.77
22502,VSKP,VISHAKAPATNAM,125.0,23.08,11.54,59.62,5.77
22502,RJY,RAJAMUNDRY,158.0,7.69,19.23,67.31,5.77
22502,BZA,VIJAYAWADA JN,175.0,5.77,19.23,69.23,5.77
22502,OGL,ONGOLE,184.0,7.69,13.46,73.08,5.77
22502,NLR,NELLORE,196.0,5.77,17.31,71.15,5.77
22502,PER,PERAMBUR,210.0,7.69,11.54,75.0,5.77
22502,KPD,KATPADI JN,206.0,11.54,17.31,65.38,5.77
22502,JTJ,JOLARPETTAI,208.0,7.69,21.15,65.38,5.77
22502,KJM,KRISHNARAJAPURM,209.0,9.62,17.31,67.31,5.77
22502,SMVB,SMVT BENGALURU,168.0,28.85,9.62,55.77,5.77
22512,KYQ,KAMAKHYA,6.0,82.69,5.77,3.85,7.69
22512,NBQ,NEW BONGAIGAON,23.0,53.85,28.85,9.62,7.69
22512,APDJ,ALIPUR DUAR JN,49.0,9.62,57.69,25.0,7.69
22512,HSA,HASIMARA,44.0,19.23,51.92,21.15,7.69
22512,SGUJ,SILIGURI JN,37.0,34.62,38.46,19.23,7.69
22512,NJP,NEW JALPAIGURI,48.0,25.0,36.54,30.77,7.69
22512,MLDT,MALDA TOWN,49.0,42.31,17.31,32.69,7.69
22512,PKR,PAKUR,51.0,40.38,19.23,25.0,15.38
22512,RPH,RAMPUR HAT,55.0,40.38,19.23,25.0,15.38
22512,BHP,BOLPUR S NIKTN,60.0,30.77,25.0,28.85,15.38
22512,BWN,BARDDHAMAN JN,58.0,44.23,11.54,28.85,15.38
22512,DKAE,DANKUNI,72.0,36.54,13.46,34.62,15.38
22512,KGP,KHARAGPUR JN,90.0,32.69,17.31,42.31,7.69
22512,TATA,TATANAGAR JN,125.0,15.38,25.0,51.92,7.69
22512,CKP,CHAKRADHARPUR,141.0,11.54,25.0,55.77,7.69
22512,ROU,ROURKELA,165.0,0.0,28.85,63.46,7.69
22512,JSG,JHARSUGUDA JN,179.0,3.85,17.31,71.15,7.69
22512,RIG,RAIGARH,199.0,0.0,17.31,75.0,7.69
22512,KHS,KHARSIA,143.0,0.0,1.92,9.62,88.46
22512,BSP,BILASPUR JN,220.0,0.0,19.23,73.08,7.69
22512,R,RAIPUR JN,242.0,0.0,17.31,73.08,9.62
22512,G,GONDIA JN,279.0,0.0,5.77,86.54,7.69
22512,NGP,NAGPUR,288.0,0.0,11.54,80.77,7.69
22512,AK,AKOLA JN,272.0,3.85,13.46,75.0,7.69
22512,BSL,BHUSAVAL JN,292.0,1.92,7.69,82.69,7.69
22512,MMR,MANMAD JN,313.0,0.0,3.85,88.46,7.69
22512,KYN,KALYAN JN,336.0,1.92,0.0,90.38,7.69
22512,TNA,THANE,419.0,0.0,0.0,5.77,94.23
22512,LTT,LOKMANYATILAK T,289.0,11.54,1.92,71.15,15.38
